SERIES_CODE,שם סדרה,FREQ,תדירות,UNIT_MEASURE,יחידות מידה,DATA_ITEM,פריט,BALANCE_SHEET_SECTION,סיווג מאזני,DATA_TYPE,סוג נתון,COUNTERPART_SECTOR,מגזר נגדי,DATA_SOURCE,מקור נתונים,TIME_COLLECT,אופן חישוב בתקופת זמן,CONF_STATUS,סיווג סודיות,UNIT_MULT,מכפיל יחידות,TIME_PERIOD,OBS_VALUE,RELEASE_STATUS,שחרור תצפית
ACC_RES2700018_D_B_ME,"יתרות מט""ח (במונחי דולר)",M,חודשי,USD,דולרים,L150200,"יתרות מט""ח",_Z,לא רלוונטי,STK,יתרה,_Z,לא רלוונטי,BOI,בנק ישראל,E,סוף תקופה,F,לא סודי,6,מיליונים,1995-01,7655.84625827,YP,תצפית משוחררת לציבור ופנימית ( Public)
ACC_RES2700018_D_B_ME,"יתרות מט""ח (במונחי דולר)",M,חודשי,USD,דולרים,L150200,"יתרות מט""ח",_Z,לא רלוונטי,STK,יתרה,_Z,לא רלוונטי,BOI,בנק ישראל,E,סוף תקופה,F,לא סודי,6,מיליונים,1995-02,8618.61764659,YP,תצפית משוחררת לציבור ופנימית ( Public)
ACC_RES2700018_D_B_ME,"יתרות מט""ח (במונחי דולר)",M,חודשי,USD,דולרים,L150200,"יתרות מט""ח",_Z,לא רלוונטי,STK,יתרה,_Z,לא רלוונטי,BOI,בנק ישראל,E,סוף תקופה,F,לא סודי,6,מיליונים,1995-03,9091.11863729,YP,תצפית משוחררת לציבור ופנימית ( Public)
ACC_RES2700018_D_B_ME,"יתרות מט""ח (במונחי דולר)",M,חודשי,USD,דולרים,L150200,"יתרות מט""ח",_Z,לא רלוונטי,STK,יתרה,_Z,לא רלוונטי,BOI,בנק ישראל,E,סוף תקופה,F,לא סודי,6,מיליונים,1995-04,9656.72181975,YP,תצפית משוחררת לציבור ופנימית ( Public)
ACC_RES2700018_D_B_ME,"יתרות מט""ח (במונחי דולר)",M,חודשי,USD,דולרים,L150200,"יתרות מט""ח",_Z,לא רלוונטי,STK,יתרה,_Z,לא רלוונטי,BOI,בנק ישראל,E,סוף תקופה,F,לא סודי,6,מיליונים,1995-05,9759.96751642,YP,תצפית משוחררת לציבור ופנימית ( Public)
ACC_RES2700018_D_B_ME,"יתרות מט""ח (במונחי דולר)",M,חודשי,USD,דולרים,L150200,"יתרות מט""ח",_Z,לא רלוונטי,STK,יתרה,_Z,לא רלוונטי,BOI,בנק ישראל,E,סוף תקופה,F,לא סודי,6,מיליונים,1995-06,8931.50079077,YP,תצפית משוחררת לציבור ופנימית ( Public)
ACC_RES2700018_D_B_ME,"יתרות מט""ח (במונחי דולר)",M,חודשי,USD,דולרים,L150200,"יתרות מט""ח",_Z,לא רלוונטי,STK,יתרה,_Z,לא רלוונטי,BOI,בנק ישראל,E,סוף תקופה,F,לא סודי,6,מיליונים,1995-07,9076.17713675,YP,תצפית משוחררת לציבור ופנימית ( Public)
ACC_RES2700018_D_B_ME,"יתרות מט""ח (במונחי דולר)",M,חודשי,USD,דולרים,L150200,"יתרות מט""ח",_Z,לא רלוונטי,STK,יתרה,_Z,לא רלוונטי,BOI,בנק ישראל,E,סוף תקופה,F,לא סודי,6,מיליונים,1995-08,8273.93225812,YP,תצפית משוחררת לציבור ופנימית ( Public)
ACC_RES2700018_D_B_ME,"יתרות מט""ח (במונחי דולר)",M,חודשי,USD,דולרים,L150200,"יתרות מט""ח",_Z,לא רלוונטי,STK,יתרה,_Z,לא רלוונטי,BOI,בנק ישראל,E,סוף תקופה,F,לא סודי,6,מיליונים,1995-09,8989.83732282,YP,תצפית משוחררת לציבור ופנימית ( Public)
ACC_RES2700018_D_B_ME,"יתרות מט""ח (במונחי דולר)",M,חודשי,USD,דולרים,L150200,"יתרות מט""ח",_Z,לא רלוונטי,STK,יתרה,_Z,לא רלוונטי,BOI,בנק ישראל,E,סוף תקופה,F,לא סודי,6,מיליונים,1995-10,8529.67677751,YP,תצפית משוחררת לציבור ופנימית ( Public)
ACC_RES2700018_D_B_ME,"יתרות מט""ח (במונחי דולר)",M,חודשי,USD,דולרים,L150200,"יתרות מט""ח",_Z,לא רלוונטי,STK,יתרה,_Z,לא רלוונטי,BOI,בנק ישראל,E,סוף תקופה,F,לא סודי,6,מיליונים,1995-11,8409.21893086,YP,תצפית משוחררת לציבור ופנימית ( Public)
ACC_RES2700018_D_B_ME,"יתרות מט""ח (במונחי דולר)",M,חודשי,USD,דולרים,L150200,"יתרות מט""ח",_Z,לא רלוונטי,STK,יתרה,_Z,לא רלוונטי,BOI,בנק ישראל,E,סוף תקופה,F,לא סודי,6,מיליונים,1995-12,8307.39154689,YP,תצפית משוחררת לציבור ופנימית ( Public)
ACC_RES2700018_D_B_ME,"יתרות מט""ח (במונחי דולר)",M,חודשי,USD,דולרים,L150200,"יתרות מט""ח",_Z,לא רלוונטי,STK,יתרה,_Z,לא רלוונטי,BOI,בנק ישראל,E,סוף תקופה,F,לא סודי,6,מיליונים,1996-01,9177.29168152,YP,תצפית משוחררת לציבור ופנימית ( Public)
ACC_RES2700018_D_B_ME,"יתרות מט""ח (במונחי דולר)",M,חודשי,USD,דולרים,L150200,"יתרות מט""ח",_Z,לא רלוונטי,STK,יתרה,_Z,לא רלוונטי,BOI,בנק ישראל,E,סוף תקופה,F,לא סודי,6,מיליונים,1996-02,10024.63981565,YP,תצפית משוחררת לציבור ופנימית ( Public)
ACC_RES2700018_D_B_ME,"יתרות מט""ח (במונחי דולר)",M,חודשי,USD,דולרים,L150200,"יתרות מט""ח",_Z,לא רלוונטי,STK,יתרה,_Z,לא רלוונטי,BOI,בנק ישראל,E,סוף תקופה,F,לא סודי,6,מיליונים,1996-03,9836.65821269,YP,תצפית משוחררת לציבור ופנימית ( Public)
ACC_RES2700018_D_B_ME,"יתרות מט""ח (במונחי דולר)",M,חודשי,USD,דולרים,L150200,"יתרות מט""ח",_Z,לא רלוונטי,STK,יתרה,_Z,לא רלוונטי,BOI,בנק ישראל,E,סוף תקופה,F,לא סודי,6,מיליונים,1996-04,9589.81745697,YP,תצפית משוחררת לציבור ופנימית ( Public)
ACC_RES2700018_D_B_ME,"יתרות מט""ח (במונחי דולר)",M,חודשי,USD,דולרים,L150200,"יתרות מט""ח",_Z,לא רלוונטי,STK,יתרה,_Z,לא רלוונטי,BOI,בנק ישראל,E,סוף תקופה,F,לא סודי,6,מיליונים,1996-05,9373.06426447,YP,תצפית משוחררת לציבור ופנימית ( Public)
ACC_RES2700018_D_B_ME,"יתרות מט""ח (במונחי דולר)",M,חודשי,USD,דולרים,L150200,"יתרות מט""ח",_Z,לא רלוונטי,STK,יתרה,_Z,לא רלוונטי,BOI,בנק ישראל,E,סוף תקופה,F,לא סודי,6,מיליונים,1996-06,9007.15959675,YP,תצפית משוחררת לציבור ופנימית ( Public)
ACC_RES2700018_D_B_ME,"יתרות מט""ח (במונחי דולר)",M,חודשי,USD,דולרים,L150200,"יתרות מט""ח",_Z,לא רלוונטי,STK,יתרה,_Z,לא רלוונטי,BOI,בנק ישראל,E,סוף תקופה,F,לא סודי,6,מיליונים,1996-07,9052.0327161,YP,תצפית משוחררת לציבור ופנימית ( Public)
ACC_RES2700018_D_B_ME,"יתרות מט""ח (במונחי דולר)",M,חודשי,USD,דולרים,L150200,"יתרות מט""ח",_Z,לא רלוונטי,STK,יתרה,_Z,לא רלוונטי,BOI,בנק ישראל,E,סוף תקופה,F,לא סודי,6,מיליונים,1996-08,9655.04392902,YP,תצפית משוחררת לציבור ופנימית ( Public)
ACC_RES2700018_D_B_ME,"יתרות מט""ח (במונחי דולר)",M,חודשי,USD,דולרים,L150200,"יתרות מט""ח",_Z,לא רלוונטי,STK,יתרה,_Z,לא רלוונטי,BOI,בנק ישראל,E,סוף תקופה,F,לא סודי,6,מיליונים,1996-09,10367.66981805,YP,תצפית משוחררת לציבור ופנימית ( Public)
ACC_RES2700018_D_B_ME,"יתרות מט""ח (במונחי דולר)",M,חודשי,USD,דולרים,L150200,"יתרות מט""ח",_Z,לא רלוונטי,STK,יתרה,_Z,לא רלוונטי,BOI,בנק ישראל,E,סוף תקופה,F,לא סודי,6,מיליונים,1996-10,11819.77193865,YP,תצפית משוחררת לציבור ופנימית ( Public)
ACC_RES2700018_D_B_ME,"יתרות מט""ח (במונחי דולר)",M,חודשי,USD,דולרים,L150200,"יתרות מט""ח",_Z,לא רלוונטי,STK,יתרה,_Z,לא רלוונטי,BOI,בנק ישראל,E,סוף תקופה,F,לא סודי,6,מיליונים,1996-11,11409.3077729,YP,תצפית משוחררת לציבור ופנימית ( Public)
ACC_RES2700018_D_B_ME,"יתרות מט""ח (במונחי דולר)",M,חודשי,USD,דולרים,L150200,"יתרות מט""ח",_Z,לא רלוונטי,STK,יתרה,_Z,לא רלוונטי,BOI,בנק ישראל,E,סוף תקופה,F,לא סודי,6,מיליונים,1996-12,11574.63993024,YP,תצפית משוחררת לציבור ופנימית ( Public)
ACC_RES2700018_D_B_ME,"יתרות מט""ח (במונחי דולר)",M,חודשי,USD,דולרים,L150200,"יתרות מט""ח",_Z,לא רלוונטי,STK,יתרה,_Z,לא רלוונטי,BOI,בנק ישראל,E,סוף תקופה,F,לא סודי,6,מיליונים,1997-01,12898.55569759,YP,תצפית משוחררת לציבור ופנימית ( Public)
ACC_RES2700018_D_B_ME,"יתרות מט""ח (במונחי דולר)",M,חודשי,USD,דולרים,L150200,"יתרות מט""ח",_Z,לא רלוונטי,STK,יתרה,_Z,לא רלוונטי,BOI,בנק ישראל,E,סוף תקופה,F,לא סודי,6,מיליונים,1997-02,14069.48827886,YP,תצפית משוחררת לציבור ופנימית ( Public)
ACC_RES2700018_D_B_ME,"יתרות מט""ח (במונחי דולר)",M,חודשי,USD,דולרים,L150200,"יתרות מט""ח",_Z,לא רלוונטי,STK,יתרה,_Z,לא רלוונטי,BOI,בנק ישראל,E,סוף תקופה,F,לא סודי,6,מיליונים,1997-03,15521.29619384,YP,תצפית משוחררת לציבור ופנימית ( Public)
ACC_RES2700018_D_B_ME,"יתרות מט""ח (במונחי דולר)",M,חודשי,USD,דולרים,L150200,"יתרות מט""ח",_Z,לא רלוונטי,STK,יתרה,_Z,לא רלוונטי,BOI,בנק ישראל,E,סוף תקופה,F,לא סודי,6,מיליונים,1997-04,16178.01775732,YP,תצפית משוחררת לציבור ופנימית ( Public)
ACC_RES2700018_D_B_ME,"יתרות מט""ח (במונחי דולר)",M,חודשי,USD,דולרים,L150200,"יתרות מט""ח",_Z,לא רלוונטי,STK,יתרה,_Z,לא רלוונטי,BOI,בנק ישראל,E,סוף תקופה,F,לא סודי,6,מיליונים,1997-05,16564.11432023,YP,תצפית משוחררת לציבור ופנימית ( Public)
ACC_RES2700018_D_B_ME,"יתרות מט""ח (במונחי דולר)",M,חודשי,USD,דולרים,L150200,"יתרות מט""ח",_Z,לא רלוונטי,STK,יתרה,_Z,לא רלוונטי,BOI,בנק ישראל,E,סוף תקופה,F,לא סודי,6,מיליונים,1997-06,17993.83402895,YP,תצפית משוחררת לציבור ופנימית ( Public)
ACC_RES2700018_D_B_ME,"יתרות מט""ח (במונחי דולר)",M,חודשי,USD,דולרים,L150200,"יתרות מט""ח",_Z,לא רלוונטי,STK,יתרה,_Z,לא רלוונטי,BOI,בנק ישראל,E,סוף תקופה,F,לא סודי,6,מיליונים,1997-07,18158.18409076,YP,תצפית משוחררת לציבור ופנימית ( Public)
ACC_RES2700018_D_B_ME,"יתרות מט""ח (במונחי דולר)",M,חודשי,USD,דולרים,L150200,"יתרות מט""ח",_Z,לא רלוונטי,STK,יתרה,_Z,לא רלוונטי,BOI,בנק ישראל,E,סוף תקופה,F,לא סודי,6,מיליונים,1997-08,18466.11841924,YP,תצפית משוחררת לציבור ופנימית ( Public)
ACC_RES2700018_D_B_ME,"יתרות מט""ח (במונחי דולר)",M,חודשי,USD,דולרים,L150200,"יתרות מט""ח",_Z,לא רלוונטי,STK,יתרה,_Z,לא רלוונטי,BOI,בנק ישראל,E,סוף תקופה,F,לא סודי,6,מיליונים,1997-09,19205.57799366,YP,תצפית משוחררת לציבור ופנימית ( Public)
ACC_RES2700018_D_B_ME,"יתרות מט""ח (במונחי דולר)",M,חודשי,USD,דולרים,L150200,"יתרות מט""ח",_Z,לא רלוונטי,STK,יתרה,_Z,לא רלוונטי,BOI,בנק ישראל,E,סוף תקופה,F,לא סודי,6,מיליונים,1997-10,19574.54302722,YP,תצפית משוחררת לציבור ופנימית ( Public)
ACC_RES2700018_D_B_ME,"יתרות מט""ח (במונחי דולר)",M,חודשי,USD,דולרים,L150200,"יתרות מט""ח",_Z,לא רלוונטי,STK,יתרה,_Z,לא רלוונטי,BOI,בנק ישראל,E,סוף תקופה,F,לא סודי,6,מיליונים,1997-11,19405.02226192,YP,תצפית משוחררת לציבור ופנימית ( Public)
ACC_RES2700018_D_B_ME,"יתרות מט""ח (במונחי דולר)",M,חודשי,USD,דולרים,L150200,"יתרות מט""ח",_Z,לא רלוונטי,STK,יתרה,_Z,לא רלוונטי,BOI,בנק ישראל,E,סוף תקופה,F,לא סודי,6,מיליונים,1997-12,20332.48112858,YP,תצפית משוחררת לציבור ופנימית ( Public)
ACC_RES2700018_D_B_ME,"יתרות מט""ח (במונחי דולר)",M,חודשי,USD,דולרים,L150200,"יתרות מט""ח",_Z,לא רלוונטי,STK,יתרה,_Z,לא רלוונטי,BOI,בנק ישראל,E,סוף תקופה,F,לא סודי,6,מיליונים,1998-01,21923.21609264,YP,תצפית משוחררת לציבור ופנימית ( Public)
ACC_RES2700018_D_B_ME,"יתרות מט""ח (במונחי דולר)",M,חודשי,USD,דולרים,L150200,"יתרות מט""ח",_Z,לא רלוונטי,STK,יתרה,_Z,לא רלוונטי,BOI,בנק ישראל,E,סוף תקופה,F,לא סודי,6,מיליונים,1998-02,21811.62609655,YP,תצפית משוחררת לציבור ופנימית ( Public)
ACC_RES2700018_D_B_ME,"יתרות מט""ח (במונחי דולר)",M,חודשי,USD,דולרים,L150200,"יתרות מט""ח",_Z,לא רלוונטי,STK,יתרה,_Z,לא רלוונטי,BOI,בנק ישראל,E,סוף תקופה,F,לא סודי,6,מיליונים,1998-03,21603.44175725,YP,תצפית משוחררת לציבור ופנימית ( Public)
ACC_RES2700018_D_B_ME,"יתרות מט""ח (במונחי דולר)",M,חודשי,USD,דולרים,L150200,"יתרות מט""ח",_Z,לא רלוונטי,STK,יתרה,_Z,לא רלוונטי,BOI,בנק ישראל,E,סוף תקופה,F,לא סודי,6,מיליונים,1998-04,21837.74215618,YP,תצפית משוחררת לציבור ופנימית ( Public)
ACC_RES2700018_D_B_ME,"יתרות מט""ח (במונחי דולר)",M,חודשי,USD,דולרים,L150200,"יתרות מט""ח",_Z,לא רלוונטי,STK,יתרה,_Z,לא רלוונטי,BOI,בנק ישראל,E,סוף תקופה,F,לא סודי,6,מיליונים,1998-05,21537.10418565,YP,תצפית משוחררת לציבור ופנימית ( Public)
ACC_RES2700018_D_B_ME,"יתרות מט""ח (במונחי דולר)",M,חודשי,USD,דולרים,L150200,"יתרות מט""ח",_Z,לא רלוונטי,STK,יתרה,_Z,לא רלוונטי,BOI,בנק ישראל,E,סוף תקופה,F,לא סודי,6,מיליונים,1998-06,21322.43208175,YP,תצפית משוחררת לציבור ופנימית ( Public)
ACC_RES2700018_D_B_ME,"יתרות מט""ח (במונחי דולר)",M,חודשי,USD,דולרים,L150200,"יתרות מט""ח",_Z,לא רלוונטי,STK,יתרה,_Z,לא רלוונטי,BOI,בנק ישראל,E,סוף תקופה,F,לא סודי,6,מיליונים,1998-07,21405.08397228,YP,תצפית משוחררת לציבור ופנימית ( Public)
ACC_RES2700018_D_B_ME,"יתרות מט""ח (במונחי דולר)",M,חודשי,USD,דולרים,L150200,"יתרות מט""ח",_Z,לא רלוונטי,STK,יתרה,_Z,לא רלוונטי,BOI,בנק ישראל,E,סוף תקופה,F,לא סודי,6,מיליונים,1998-08,21544.49933937,YP,תצפית משוחררת לציבור ופנימית ( Public)
ACC_RES2700018_D_B_ME,"יתרות מט""ח (במונחי דולר)",M,חודשי,USD,דולרים,L150200,"יתרות מט""ח",_Z,לא רלוונטי,STK,יתרה,_Z,לא רלוונטי,BOI,בנק ישראל,E,סוף תקופה,F,לא סודי,6,מיליונים,1998-09,21714.88449333,YP,תצפית משוחררת לציבור ופנימית ( Public)
ACC_RES2700018_D_B_ME,"יתרות מט""ח (במונחי דולר)",M,חודשי,USD,דולרים,L150200,"יתרות מט""ח",_Z,לא רלוונטי,STK,יתרה,_Z,לא רלוונטי,BOI,בנק ישראל,E,סוף תקופה,F,לא סודי,6,מיליונים,1998-10,21914.40913578,YP,תצפית משוחררת לציבור ופנימית ( Public)
ACC_RES2700018_D_B_ME,"יתרות מט""ח (במונחי דולר)",M,חודשי,USD,דולרים,L150200,"יתרות מט""ח",_Z,לא רלוונטי,STK,יתרה,_Z,לא רלוונטי,BOI,בנק ישראל,E,סוף תקופה,F,לא סודי,6,מיליונים,1998-11,22478.55588716,YP,תצפית משוחררת לציבור ופנימית ( Public)
ACC_RES2700018_D_B_ME,"יתרות מט""ח (במונחי דולר)",M,חודשי,USD,דולרים,L150200,"יתרות מט""ח",_Z,לא רלוונטי,STK,יתרה,_Z,לא רלוונטי,BOI,בנק ישראל,E,סוף תקופה,F,לא סודי,6,מיליונים,1998-12,22674.33523739,YP,תצפית משוחררת לציבור ופנימית ( Public)
ACC_RES2700018_D_B_ME,"יתרות מט""ח (במונחי דולר)",M,חודשי,USD,דולרים,L150200,"יתרות מט""ח",_Z,לא רלוונטי,STK,יתרה,_Z,לא רלוונטי,BOI,בנק ישראל,E,סוף תקופה,F,לא סודי,6,מיליונים,1999-01,22635.5491141,YP,תצפית משוחררת לציבור ופנימית ( Public)
ACC_RES2700018_D_B_ME,"יתרות מט""ח (במונחי דולר)",M,חודשי,USD,דולרים,L150200,"יתרות מט""ח",_Z,לא רלוונטי,STK,יתרה,_Z,לא רלוונטי,BOI,בנק ישראל,E,סוף תקופה,F,לא סודי,6,מיליונים,1999-02,22255.40045775,YP,תצפית משוחררת לציבור ופנימית ( Public)
ACC_RES2700018_D_B_ME,"יתרות מט""ח (במונחי דולר)",M,חודשי,USD,דולרים,L150200,"יתרות מט""ח",_Z,לא רלוונטי,STK,יתרה,_Z,לא רלוונטי,BOI,בנק ישראל,E,סוף תקופה,F,לא סודי,6,מיליונים,1999-03,22071.88766792,YP,תצפית משוחררת לציבור ופנימית ( Public)
ACC_RES2700018_D_B_ME,"יתרות מט""ח (במונחי דולר)",M,חודשי,USD,דולרים,L150200,"יתרות מט""ח",_Z,לא רלוונטי,STK,יתרה,_Z,לא רלוונטי,BOI,בנק ישראל,E,סוף תקופה,F,לא סודי,6,מיליונים,1999-04,22156.62564685,YP,תצפית משוחררת לציבור ופנימית ( Public)
ACC_RES2700018_D_B_ME,"יתרות מט""ח (במונחי דולר)",M,חודשי,USD,דולרים,L150200,"יתרות מט""ח",_Z,לא רלוונטי,STK,יתרה,_Z,לא רלוונטי,BOI,בנק ישראל,E,סוף תקופה,F,לא סודי,6,מיליונים,1999-05,21639.8241718,YP,תצפית משוחררת לציבור ופנימית ( Public)
ACC_RES2700018_D_B_ME,"יתרות מט""ח (במונחי דולר)",M,חודשי,USD,דולרים,L150200,"יתרות מט""ח",_Z,לא רלוונטי,STK,יתרה,_Z,לא רלוונטי,BOI,בנק ישראל,E,סוף תקופה,F,לא סודי,6,מיליונים,1999-06,22018.61145846,YP,תצפית משוחררת לציבור ופנימית ( Public)
ACC_RES2700018_D_B_ME,"יתרות מט""ח (במונחי דולר)",M,חודשי,USD,דולרים,L150200,"יתרות מט""ח",_Z,לא רלוונטי,STK,יתרה,_Z,לא רלוונטי,BOI,בנק ישראל,E,סוף תקופה,F,לא סודי,6,מיליונים,1999-07,22234.44620203,YP,תצפית משוחררת לציבור ופנימית ( Public)
ACC_RES2700018_D_B_ME,"יתרות מט""ח (במונחי דולר)",M,חודשי,USD,דולרים,L150200,"יתרות מט""ח",_Z,לא רלוונטי,STK,יתרה,_Z,לא רלוונטי,BOI,בנק ישראל,E,סוף תקופה,F,לא סודי,6,מיליונים,1999-08,21878.764522,YP,תצפית משוחררת לציבור ופנימית ( Public)
ACC_RES2700018_D_B_ME,"יתרות מט""ח (במונחי דולר)",M,חודשי,USD,דולרים,L150200,"יתרות מט""ח",_Z,לא רלוונטי,STK,יתרה,_Z,לא רלוונטי,BOI,בנק ישראל,E,סוף תקופה,F,לא סודי,6,מיליונים,1999-09,21944.7879328,YP,תצפית משוחררת לציבור ופנימית ( Public)
ACC_RES2700018_D_B_ME,"יתרות מט""ח (במונחי דולר)",M,חודשי,USD,דולרים,L150200,"יתרות מט""ח",_Z,לא רלוונטי,STK,יתרה,_Z,לא רלוונטי,BOI,בנק ישראל,E,סוף תקופה,F,לא סודי,6,מיליונים,1999-10,21781.09515441,YP,תצפית משוחררת לציבור ופנימית ( Public)
ACC_RES2700018_D_B_ME,"יתרות מט""ח (במונחי דולר)",M,חודשי,USD,דולרים,L150200,"יתרות מט""ח",_Z,לא רלוונטי,STK,יתרה,_Z,לא רלוונטי,BOI,בנק ישראל,E,סוף תקופה,F,לא סודי,6,מיליונים,1999-11,21385.7650038,YP,תצפית משוחררת לציבור ופנימית ( Public)
ACC_RES2700018_D_B_ME,"יתרות מט""ח (במונחי דולר)",M,חודשי,USD,דולרים,L150200,"יתרות מט""ח",_Z,לא רלוונטי,STK,יתרה,_Z,לא רלוונטי,BOI,בנק ישראל,E,סוף תקופה,F,לא סודי,6,מיליונים,1999-12,22605.1287223,YP,תצפית משוחררת לציבור ופנימית ( Public)
ACC_RES2700018_D_B_ME,"יתרות מט""ח (במונחי דולר)",M,חודשי,USD,דולרים,L150200,"יתרות מט""ח",_Z,לא רלוונטי,STK,יתרה,_Z,לא רלוונטי,BOI,בנק ישראל,E,סוף תקופה,F,לא סודי,6,מיליונים,2000-01,22090.37904768,YP,תצפית משוחררת לציבור ופנימית ( Public)
ACC_RES2700018_D_B_ME,"יתרות מט""ח (במונחי דולר)",M,חודשי,USD,דולרים,L150200,"יתרות מט""ח",_Z,לא רלוונטי,STK,יתרה,_Z,לא רלוונטי,BOI,בנק ישראל,E,סוף תקופה,F,לא סודי,6,מיליונים,2000-02,22063.01766242,YP,תצפית משוחררת לציבור ופנימית ( Public)
ACC_RES2700018_D_B_ME,"יתרות מט""ח (במונחי דולר)",M,חודשי,USD,דולרים,L150200,"יתרות מט""ח",_Z,לא רלוונטי,STK,יתרה,_Z,לא רלוונטי,BOI,בנק ישראל,E,סוף תקופה,F,לא סודי,6,מיליונים,2000-03,22765.08661083,YP,תצפית משוחררת לציבור ופנימית ( Public)
ACC_RES2700018_D_B_ME,"יתרות מט""ח (במונחי דולר)",M,חודשי,USD,דולרים,L150200,"יתרות מט""ח",_Z,לא רלוונטי,STK,יתרה,_Z,לא רלוונטי,BOI,בנק ישראל,E,סוף תקופה,F,לא סודי,6,מיליונים,2000-04,22301.97896218,YP,תצפית משוחררת לציבור ופנימית ( Public)
ACC_RES2700018_D_B_ME,"יתרות מט""ח (במונחי דולר)",M,חודשי,USD,דולרים,L150200,"יתרות מט""ח",_Z,לא רלוונטי,STK,יתרה,_Z,לא רלוונטי,BOI,בנק ישראל,E,סוף תקופה,F,לא סודי,6,מיליונים,2000-05,22264.06141345,YP,תצפית משוחררת לציבור ופנימית ( Public)
ACC_RES2700018_D_B_ME,"יתרות מט""ח (במונחי דולר)",M,חודשי,USD,דולרים,L150200,"יתרות מט""ח",_Z,לא רלוונטי,STK,יתרה,_Z,לא רלוונטי,BOI,בנק ישראל,E,סוף תקופה,F,לא סודי,6,מיליונים,2000-06,22273.72045443,YP,תצפית משוחררת לציבור ופנימית ( Public)
ACC_RES2700018_D_B_ME,"יתרות מט""ח (במונחי דולר)",M,חודשי,USD,דולרים,L150200,"יתרות מט""ח",_Z,לא רלוונטי,STK,יתרה,_Z,לא רלוונטי,BOI,בנק ישראל,E,סוף תקופה,F,לא סודי,6,מיליונים,2000-07,22155.25787907,YP,תצפית משוחררת לציבור ופנימית ( Public)
ACC_RES2700018_D_B_ME,"יתרות מט""ח (במונחי דולר)",M,חודשי,USD,דולרים,L150200,"יתרות מט""ח",_Z,לא רלוונטי,STK,יתרה,_Z,לא רלוונטי,BOI,בנק ישראל,E,סוף תקופה,F,לא סודי,6,מיליונים,2000-08,22161.88419304,YP,תצפית משוחררת לציבור ופנימית ( Public)
ACC_RES2700018_D_B_ME,"יתרות מט""ח (במונחי דולר)",M,חודשי,USD,דולרים,L150200,"יתרות מט""ח",_Z,לא רלוונטי,STK,יתרה,_Z,לא רלוונטי,BOI,בנק ישראל,E,סוף תקופה,F,לא סודי,6,מיליונים,2000-09,22160.19507612,YP,תצפית משוחררת לציבור ופנימית ( Public)
ACC_RES2700018_D_B_ME,"יתרות מט""ח (במונחי דולר)",M,חודשי,USD,דולרים,L150200,"יתרות מט""ח",_Z,לא רלוונטי,STK,יתרה,_Z,לא רלוונטי,BOI,בנק ישראל,E,סוף תקופה,F,לא סודי,6,מיליונים,2000-10,21964.282982,YP,תצפית משוחררת לציבור ופנימית ( Public)
ACC_RES2700018_D_B_ME,"יתרות מט""ח (במונחי דולר)",M,חודשי,USD,דולרים,L150200,"יתרות מט""ח",_Z,לא רלוונטי,STK,יתרה,_Z,לא רלוונטי,BOI,בנק ישראל,E,סוף תקופה,F,לא סודי,6,מיליונים,2000-11,21844.5976938,YP,תצפית משוחררת לציבור ופנימית ( Public)
ACC_RES2700018_D_B_ME,"יתרות מט""ח (במונחי דולר)",M,חודשי,USD,דולרים,L150200,"יתרות מט""ח",_Z,לא רלוונטי,STK,יתרה,_Z,לא רלוונטי,BOI,בנק ישראל,E,סוף תקופה,F,לא סודי,6,מיליונים,2000-12,23281.47107207,YP,תצפית משוחררת לציבור ופנימית ( Public)
ACC_RES2700018_D_B_ME,"יתרות מט""ח (במונחי דולר)",M,חודשי,USD,דולרים,L150200,"יתרות מט""ח",_Z,לא רלוונטי,STK,יתרה,_Z,לא רלוונטי,BOI,בנק ישראל,E,סוף תקופה,F,לא סודי,6,מיליונים,2001-01,23845.3944182,YP,תצפית משוחררת לציבור ופנימית ( Public)
ACC_RES2700018_D_B_ME,"יתרות מט""ח (במונחי דולר)",M,חודשי,USD,דולרים,L150200,"יתרות מט""ח",_Z,לא רלוונטי,STK,יתרה,_Z,לא רלוונטי,BOI,בנק ישראל,E,סוף תקופה,F,לא סודי,6,מיליונים,2001-02,23631.00578608,YP,תצפית משוחררת לציבור ופנימית ( Public)
ACC_RES2700018_D_B_ME,"יתרות מט""ח (במונחי דולר)",M,חודשי,USD,דולרים,L150200,"יתרות מט""ח",_Z,לא רלוונטי,STK,יתרה,_Z,לא רלוונטי,BOI,בנק ישראל,E,סוף תקופה,F,לא סודי,6,מיליונים,2001-03,23953.4414071,YP,תצפית משוחררת לציבור ופנימית ( Public)
ACC_RES2700018_D_B_ME,"יתרות מט""ח (במונחי דולר)",M,חודשי,USD,דולרים,L150200,"יתרות מט""ח",_Z,לא רלוונטי,STK,יתרה,_Z,לא רלוונטי,BOI,בנק ישראל,E,סוף תקופה,F,לא סודי,6,מיליונים,2001-04,23533.64674185,YP,תצפית משוחררת לציבור ופנימית ( Public)
ACC_RES2700018_D_B_ME,"יתרות מט""ח (במונחי דולר)",M,חודשי,USD,דולרים,L150200,"יתרות מט""ח",_Z,לא רלוונטי,STK,יתרה,_Z,לא רלוונטי,BOI,בנק ישראל,E,סוף תקופה,F,לא סודי,6,מיליונים,2001-05,23241.56826717,YP,תצפית משוחררת לציבור ופנימית ( Public)
ACC_RES2700018_D_B_ME,"יתרות מט""ח (במונחי דולר)",M,חודשי,USD,דולרים,L150200,"יתרות מט""ח",_Z,לא רלוונטי,STK,יתרה,_Z,לא רלוונטי,BOI,בנק ישראל,E,סוף תקופה,F,לא סודי,6,מיליונים,2001-06,23207.09651096,YP,תצפית משוחררת לציבור ופנימית ( Public)
ACC_RES2700018_D_B_ME,"יתרות מט""ח (במונחי דולר)",M,חודשי,USD,דולרים,L150200,"יתרות מט""ח",_Z,לא רלוונטי,STK,יתרה,_Z,לא רלוונטי,BOI,בנק ישראל,E,סוף תקופה,F,לא סודי,6,מיליונים,2001-07,23593.48762487,YP,תצפית משוחררת לציבור ופנימית ( Public)
ACC_RES2700018_D_B_ME,"יתרות מט""ח (במונחי דולר)",M,חודשי,USD,דולרים,L150200,"יתרות מט""ח",_Z,לא רלוונטי,STK,יתרה,_Z,לא רלוונטי,BOI,בנק ישראל,E,סוף תקופה,F,לא סודי,6,מיליונים,2001-08,24034.70773187,YP,תצפית משוחררת לציבור ופנימית ( Public)
ACC_RES2700018_D_B_ME,"יתרות מט""ח (במונחי דולר)",M,חודשי,USD,דולרים,L150200,"יתרות מט""ח",_Z,לא רלוונטי,STK,יתרה,_Z,לא רלוונטי,BOI,בנק ישראל,E,סוף תקופה,F,לא סודי,6,מיליונים,2001-09,24648.1391898,YP,תצפית משוחררת לציבור ופנימית ( Public)
ACC_RES2700018_D_B_ME,"יתרות מט""ח (במונחי דולר)",M,חודשי,USD,דולרים,L150200,"יתרות מט""ח",_Z,לא רלוונטי,STK,יתרה,_Z,לא רלוונטי,BOI,בנק ישראל,E,סוף תקופה,F,לא סודי,6,מיליונים,2001-10,24199.70541819,YP,תצפית משוחררת לציבור ופנימית ( Public)
ACC_RES2700018_D_B_ME,"יתרות מט""ח (במונחי דולר)",M,חודשי,USD,דולרים,L150200,"יתרות מט""ח",_Z,לא רלוונטי,STK,יתרה,_Z,לא רלוונטי,BOI,בנק ישראל,E,סוף תקופה,F,לא סודי,6,מיליונים,2001-11,23316.91075346,YP,תצפית משוחררת לציבור ופנימית ( Public)
ACC_RES2700018_D_B_ME,"יתרות מט""ח (במונחי דולר)",M,חודשי,USD,דולרים,L150200,"יתרות מט""ח",_Z,לא רלוונטי,STK,יתרה,_Z,לא רלוונטי,BOI,בנק ישראל,E,סוף תקופה,F,לא סודי,6,מיליונים,2001-12,23379.04066633,YP,תצפית משוחררת לציבור ופנימית ( Public)
ACC_RES2700018_D_B_ME,"יתרות מט""ח (במונחי דולר)",M,חודשי,USD,דולרים,L150200,"יתרות מט""ח",_Z,לא רלוונטי,STK,יתרה,_Z,לא רלוונטי,BOI,בנק ישראל,E,סוף תקופה,F,לא סודי,6,מיליונים,2002-01,23085.24847932,YP,תצפית משוחררת לציבור ופנימית ( Public)
ACC_RES2700018_D_B_ME,"יתרות מט""ח (במונחי דולר)",M,חודשי,USD,דולרים,L150200,"יתרות מט""ח",_Z,לא רלוונטי,STK,יתרה,_Z,לא רלוונטי,BOI,בנק ישראל,E,סוף תקופה,F,לא סודי,6,מיליונים,2002-02,24304.75288642,YP,תצפית משוחררת לציבור ופנימית ( Public)
ACC_RES2700018_D_B_ME,"יתרות מט""ח (במונחי דולר)",M,חודשי,USD,דולרים,L150200,"יתרות מט""ח",_Z,לא רלוונטי,STK,יתרה,_Z,לא רלוונטי,BOI,בנק ישראל,E,סוף תקופה,F,לא סודי,6,מיליונים,2002-03,24221.44314268,YP,תצפית משוחררת לציבור ופנימית ( Public)
ACC_RES2700018_D_B_ME,"יתרות מט""ח (במונחי דולר)",M,חודשי,USD,דולרים,L150200,"יתרות מט""ח",_Z,לא רלוונטי,STK,יתרה,_Z,לא רלוונטי,BOI,בנק ישראל,E,סוף תקופה,F,לא סודי,6,מיליונים,2002-04,24345.49439091,YP,תצפית משוחררת לציבור ופנימית ( Public)
ACC_RES2700018_D_B_ME,"יתרות מט""ח (במונחי דולר)",M,חודשי,USD,דולרים,L150200,"יתרות מט""ח",_Z,לא רלוונטי,STK,יתרה,_Z,לא רלוונטי,BOI,בנק ישראל,E,סוף תקופה,F,לא סודי,6,מיליונים,2002-05,24431.45297852,YP,תצפית משוחררת לציבור ופנימית ( Public)
ACC_RES2700018_D_B_ME,"יתרות מט""ח (במונחי דולר)",M,חודשי,USD,דולרים,L150200,"יתרות מט""ח",_Z,לא רלוונטי,STK,יתרה,_Z,לא רלוונטי,BOI,בנק ישראל,E,סוף תקופה,F,לא סודי,6,מיליונים,2002-06,25164.18570405,YP,תצפית משוחררת לציבור ופנימית ( Public)
ACC_RES2700018_D_B_ME,"יתרות מט""ח (במונחי דולר)",M,חודשי,USD,דולרים,L150200,"יתרות מט""ח",_Z,לא רלוונטי,STK,יתרה,_Z,לא רלוונטי,BOI,בנק ישראל,E,סוף תקופה,F,לא סודי,6,מיליונים,2002-07,25132.62630624,YP,תצפית משוחררת לציבור ופנימית ( Public)
ACC_RES2700018_D_B_ME,"יתרות מט""ח (במונחי דולר)",M,חודשי,USD,דולרים,L150200,"יתרות מט""ח",_Z,לא רלוונטי,STK,יתרה,_Z,לא רלוונטי,BOI,בנק ישראל,E,סוף תקופה,F,לא סודי,6,מיליונים,2002-08,24654.93138461,YP,תצפית משוחררת לציבור ופנימית ( Public)
ACC_RES2700018_D_B_ME,"יתרות מט""ח (במונחי דולר)",M,חודשי,USD,דולרים,L150200,"יתרות מט""ח",_Z,לא רלוונטי,STK,יתרה,_Z,לא רלוונטי,BOI,בנק ישראל,E,סוף תקופה,F,לא סודי,6,מיליונים,2002-09,24622.9423009,YP,תצפית משוחררת לציבור ופנימית ( Public)
ACC_RES2700018_D_B_ME,"יתרות מט""ח (במונחי דולר)",M,חודשי,USD,דולרים,L150200,"יתרות מט""ח",_Z,לא רלוונטי,STK,יתרה,_Z,לא רלוונטי,BOI,בנק ישראל,E,סוף תקופה,F,לא סודי,6,מיליונים,2002-10,24229.40008124,YP,תצפית משוחררת לציבור ופנימית ( Public)
ACC_RES2700018_D_B_ME,"יתרות מט""ח (במונחי דולר)",M,חודשי,USD,דולרים,L150200,"יתרות מט""ח",_Z,לא רלוונטי,STK,יתרה,_Z,לא רלוונטי,BOI,בנק ישראל,E,סוף תקופה,F,לא סודי,6,מיליונים,2002-11,23658.75015216,YP,תצפית משוחררת לציבור ופנימית ( Public)
ACC_RES2700018_D_B_ME,"יתרות מט""ח (במונחי דולר)",M,חודשי,USD,דולרים,L150200,"יתרות מט""ח",_Z,לא רלוונטי,STK,יתרה,_Z,לא רלוונטי,BOI,בנק ישראל,E,סוף תקופה,F,לא סודי,6,מיליונים,2002-12,24082.62183861,YP,תצפית משוחררת לציבור ופנימית ( Public)
ACC_RES2700018_D_B_ME,"יתרות מט""ח (במונחי דולר)",M,חודשי,USD,דולרים,L150200,"יתרות מט""ח",_Z,לא רלוונטי,STK,יתרה,_Z,לא רלוונטי,BOI,בנק ישראל,E,סוף תקופה,F,לא סודי,6,מיליונים,2003-01,23852.21723518,YP,תצפית משוחררת לציבור ופנימית ( Public)
ACC_RES2700018_D_B_ME,"יתרות מט""ח (במונחי דולר)",M,חודשי,USD,דולרים,L150200,"יתרות מט""ח",_Z,לא רלוונטי,STK,יתרה,_Z,לא רלוונטי,BOI,בנק ישראל,E,סוף תקופה,F,לא סודי,6,מיליונים,2003-02,23481.68905784,YP,תצפית משוחררת לציבור ופנימית ( Public)
ACC_RES2700018_D_B_ME,"יתרות מט""ח (במונחי דולר)",M,חודשי,USD,דולרים,L150200,"יתרות מט""ח",_Z,לא רלוונטי,STK,יתרה,_Z,לא רלוונטי,BOI,בנק ישראל,E,סוף תקופה,F,לא סודי,6,מיליונים,2003-03,23937.14767977,YP,תצפית משוחררת לציבור ופנימית ( Public)
ACC_RES2700018_D_B_ME,"יתרות מט""ח (במונחי דולר)",M,חודשי,USD,דולרים,L150200,"יתרות מט""ח",_Z,לא רלוונטי,STK,יתרה,_Z,לא רלוונטי,BOI,בנק ישראל,E,סוף תקופה,F,לא סודי,6,מיליונים,2003-04,23767.01822495,YP,תצפית משוחררת לציבור ופנימית ( Public)
ACC_RES2700018_D_B_ME,"יתרות מט""ח (במונחי דולר)",M,חודשי,USD,דולרים,L150200,"יתרות מט""ח",_Z,לא רלוונטי,STK,יתרה,_Z,לא רלוונטי,BOI,בנק ישראל,E,סוף תקופה,F,לא סודי,6,מיליונים,2003-05,23840.91672234,YP,תצפית משוחררת לציבור ופנימית ( Public)
ACC_RES2700018_D_B_ME,"יתרות מט""ח (במונחי דולר)",M,חודשי,USD,דולרים,L150200,"יתרות מט""ח",_Z,לא רלוונטי,STK,יתרה,_Z,לא רלוונטי,BOI,בנק ישראל,E,סוף תקופה,F,לא סודי,6,מיליונים,2003-06,24564.68094198,YP,תצפית משוחררת לציבור ופנימית ( Public)
ACC_RES2700018_D_B_ME,"יתרות מט""ח (במונחי דולר)",M,חודשי,USD,דולרים,L150200,"יתרות מט""ח",_Z,לא רלוונטי,STK,יתרה,_Z,לא רלוונטי,BOI,בנק ישראל,E,סוף תקופה,F,לא סודי,6,מיליונים,2003-07,24429.56729227,YP,תצפית משוחררת לציבור ופנימית ( Public)
ACC_RES2700018_D_B_ME,"יתרות מט""ח (במונחי דולר)",M,חודשי,USD,דולרים,L150200,"יתרות מט""ח",_Z,לא רלוונטי,STK,יתרה,_Z,לא רלוונטי,BOI,בנק ישראל,E,סוף תקופה,F,לא סודי,6,מיליונים,2003-08,23968.19933349,YP,תצפית משוחררת לציבור ופנימית ( Public)
ACC_RES2700018_D_B_ME,"יתרות מט""ח (במונחי דולר)",M,חודשי,USD,דולרים,L150200,"יתרות מט""ח",_Z,לא רלוונטי,STK,יתרה,_Z,לא רלוונטי,BOI,בנק ישראל,E,סוף תקופה,F,לא סודי,6,מיליונים,2003-09,25287.11333758,YP,תצפית משוחררת לציבור ופנימית ( Public)
ACC_RES2700018_D_B_ME,"יתרות מט""ח (במונחי דולר)",M,חודשי,USD,דולרים,L150200,"יתרות מט""ח",_Z,לא רלוונטי,STK,יתרה,_Z,לא רלוונטי,BOI,בנק ישראל,E,סוף תקופה,F,לא סודי,6,מיליונים,2003-10,24949.9265709,YP,תצפית משוחררת לציבור ופנימית ( Public)
ACC_RES2700018_D_B_ME,"יתרות מט""ח (במונחי דולר)",M,חודשי,USD,דולרים,L150200,"יתרות מט""ח",_Z,לא רלוונטי,STK,יתרה,_Z,לא רלוונטי,BOI,בנק ישראל,E,סוף תקופה,F,לא סודי,6,מיליונים,2003-11,24975.84166736,YP,תצפית משוחררת לציבור ופנימית ( Public)
ACC_RES2700018_D_B_ME,"יתרות מט""ח (במונחי דולר)",M,חודשי,USD,דולרים,L150200,"יתרות מט""ח",_Z,לא רלוונטי,STK,יתרה,_Z,לא רלוונטי,BOI,בנק ישראל,E,סוף תקופה,F,לא סודי,6,מיליונים,2003-12,26314.30255266,YP,תצפית משוחררת לציבור ופנימית ( Public)
ACC_RES2700018_D_B_ME,"יתרות מט""ח (במונחי דולר)",M,חודשי,USD,דולרים,L150200,"יתרות מט""ח",_Z,לא רלוונטי,STK,יתרה,_Z,לא רלוונטי,BOI,בנק ישראל,E,סוף תקופה,F,לא סודי,6,מיליונים,2004-01,26033.66901114,YP,תצפית משוחררת לציבור ופנימית ( Public)
ACC_RES2700018_D_B_ME,"יתרות מט""ח (במונחי דולר)",M,חודשי,USD,דולרים,L150200,"יתרות מט""ח",_Z,לא רלוונטי,STK,יתרה,_Z,לא רלוונטי,BOI,בנק ישראל,E,סוף תקופה,F,לא סודי,6,מיליונים,2004-02,26285.86185792,YP,תצפית משוחררת לציבור ופנימית ( Public)
ACC_RES2700018_D_B_ME,"יתרות מט""ח (במונחי דולר)",M,חודשי,USD,דולרים,L150200,"יתרות מט""ח",_Z,לא רלוונטי,STK,יתרה,_Z,לא רלוונטי,BOI,בנק ישראל,E,סוף תקופה,F,לא סודי,6,מיליונים,2004-03,26677.49315755,YP,תצפית משוחררת לציבור ופנימית ( Public)
ACC_RES2700018_D_B_ME,"יתרות מט""ח (במונחי דולר)",M,חודשי,USD,דולרים,L150200,"יתרות מט""ח",_Z,לא רלוונטי,STK,יתרה,_Z,לא רלוונטי,BOI,בנק ישראל,E,סוף תקופה,F,לא סודי,6,מיליונים,2004-04,27162.73786899,YP,תצפית משוחררת לציבור ופנימית ( Public)
ACC_RES2700018_D_B_ME,"יתרות מט""ח (במונחי דולר)",M,חודשי,USD,דולרים,L150200,"יתרות מט""ח",_Z,לא רלוונטי,STK,יתרה,_Z,לא רלוונטי,BOI,בנק ישראל,E,סוף תקופה,F,לא סודי,6,מיליונים,2004-05,26695.56422937,YP,תצפית משוחררת לציבור ופנימית ( Public)
ACC_RES2700018_D_B_ME,"יתרות מט""ח (במונחי דולר)",M,חודשי,USD,דולרים,L150200,"יתרות מט""ח",_Z,לא רלוונטי,STK,יתרה,_Z,לא רלוונטי,BOI,בנק ישראל,E,סוף תקופה,F,לא סודי,6,מיליונים,2004-06,26202.29479442,YP,תצפית משוחררת לציבור ופנימית ( Public)
ACC_RES2700018_D_B_ME,"יתרות מט""ח (במונחי דולר)",M,חודשי,USD,דולרים,L150200,"יתרות מט""ח",_Z,לא רלוונטי,STK,יתרה,_Z,לא רלוונטי,BOI,בנק ישראל,E,סוף תקופה,F,לא סודי,6,מיליונים,2004-07,26328.98019472,YP,תצפית משוחררת לציבור ופנימית ( Public)
ACC_RES2700018_D_B_ME,"יתרות מט""ח (במונחי דולר)",M,חודשי,USD,דולרים,L150200,"יתרות מט""ח",_Z,לא רלוונטי,STK,יתרה,_Z,לא רלוונטי,BOI,בנק ישראל,E,סוף תקופה,F,לא סודי,6,מיליונים,2004-08,26134.37709051,YP,תצפית משוחררת לציבור ופנימית ( Public)
ACC_RES2700018_D_B_ME,"יתרות מט""ח (במונחי דולר)",M,חודשי,USD,דולרים,L150200,"יתרות מט""ח",_Z,לא רלוונטי,STK,יתרה,_Z,לא רלוונטי,BOI,בנק ישראל,E,סוף תקופה,F,לא סודי,6,מיליונים,2004-09,26315.37871291,YP,תצפית משוחררת לציבור ופנימית ( Public)
ACC_RES2700018_D_B_ME,"יתרות מט""ח (במונחי דולר)",M,חודשי,USD,דולרים,L150200,"יתרות מט""ח",_Z,לא רלוונטי,STK,יתרה,_Z,לא רלוונטי,BOI,בנק ישראל,E,סוף תקופה,F,לא סודי,6,מיליונים,2004-10,26094.42062025,YP,תצפית משוחררת לציבור ופנימית ( Public)
ACC_RES2700018_D_B_ME,"יתרות מט""ח (במונחי דולר)",M,חודשי,USD,דולרים,L150200,"יתרות מט""ח",_Z,לא רלוונטי,STK,יתרה,_Z,לא רלוונטי,BOI,בנק ישראל,E,סוף תקופה,F,לא סודי,6,מיליונים,2004-11,27338.98380994,YP,תצפית משוחררת לציבור ופנימית ( Public)
ACC_RES2700018_D_B_ME,"יתרות מט""ח (במונחי דולר)",M,חודשי,USD,דולרים,L150200,"יתרות מט""ח",_Z,לא רלוונטי,STK,יתרה,_Z,לא רלוונטי,BOI,בנק ישראל,E,סוף תקופה,F,לא סודי,6,מיליונים,2004-12,27094.57701932,YP,תצפית משוחררת לציבור ופנימית ( Public)
ACC_RES2700018_D_B_ME,"יתרות מט""ח (במונחי דולר)",M,חודשי,USD,דולרים,L150200,"יתרות מט""ח",_Z,לא רלוונטי,STK,יתרה,_Z,לא רלוונטי,BOI,בנק ישראל,E,סוף תקופה,F,לא סודי,6,מיליונים,2005-01,27179.68927292,YP,תצפית משוחררת לציבור ופנימית ( Public)
ACC_RES2700018_D_B_ME,"יתרות מט""ח (במונחי דולר)",M,חודשי,USD,דולרים,L150200,"יתרות מט""ח",_Z,לא רלוונטי,STK,יתרה,_Z,לא רלוונטי,BOI,בנק ישראל,E,סוף תקופה,F,לא סודי,6,מיליונים,2005-02,27207.76279797,YP,תצפית משוחררת לציבור ופנימית ( Public)
ACC_RES2700018_D_B_ME,"יתרות מט""ח (במונחי דולר)",M,חודשי,USD,דולרים,L150200,"יתרות מט""ח",_Z,לא רלוונטי,STK,יתרה,_Z,לא רלוונטי,BOI,בנק ישראל,E,סוף תקופה,F,לא סודי,6,מיליונים,2005-03,27155.90540368,YP,תצפית משוחררת לציבור ופנימית ( Public)
ACC_RES2700018_D_B_ME,"יתרות מט""ח (במונחי דולר)",M,חודשי,USD,דולרים,L150200,"יתרות מט""ח",_Z,לא רלוונטי,STK,יתרה,_Z,לא רלוונטי,BOI,בנק ישראל,E,סוף תקופה,F,לא סודי,6,מיליונים,2005-04,26926.25151602,YP,תצפית משוחררת לציבור ופנימית ( Public)
ACC_RES2700018_D_B_ME,"יתרות מט""ח (במונחי דולר)",M,חודשי,USD,דולרים,L150200,"יתרות מט""ח",_Z,לא רלוונטי,STK,יתרה,_Z,לא רלוונטי,BOI,בנק ישראל,E,סוף תקופה,F,לא סודי,6,מיליונים,2005-05,26605.16640222,YP,תצפית משוחררת לציבור ופנימית ( Public)
ACC_RES2700018_D_B_ME,"יתרות מט""ח (במונחי דולר)",M,חודשי,USD,דולרים,L150200,"יתרות מט""ח",_Z,לא רלוונטי,STK,יתרה,_Z,לא רלוונטי,BOI,בנק ישראל,E,סוף תקופה,F,לא סודי,6,מיליונים,2005-06,26598.25613868,YP,תצפית משוחררת לציבור ופנימית ( Public)
ACC_RES2700018_D_B_ME,"יתרות מט""ח (במונחי דולר)",M,חודשי,USD,דולרים,L150200,"יתרות מט""ח",_Z,לא רלוונטי,STK,יתרה,_Z,לא רלוונטי,BOI,בנק ישראל,E,סוף תקופה,F,לא סודי,6,מיליונים,2005-07,27199.32569881,YP,תצפית משוחררת לציבור ופנימית ( Public)
ACC_RES2700018_D_B_ME,"יתרות מט""ח (במונחי דולר)",M,חודשי,USD,דולרים,L150200,"יתרות מט""ח",_Z,לא רלוונטי,STK,יתרה,_Z,לא רלוונטי,BOI,בנק ישראל,E,סוף תקופה,F,לא סודי,6,מיליונים,2005-08,27812.72268485,YP,תצפית משוחררת לציבור ופנימית ( Public)
ACC_RES2700018_D_B_ME,"יתרות מט""ח (במונחי דולר)",M,חודשי,USD,דולרים,L150200,"יתרות מט""ח",_Z,לא רלוונטי,STK,יתרה,_Z,לא רלוונטי,BOI,בנק ישראל,E,סוף תקופה,F,לא סודי,6,מיליונים,2005-09,27635.32023728,YP,תצפית משוחררת לציבור ופנימית ( Public)
ACC_RES2700018_D_B_ME,"יתרות מט""ח (במונחי דולר)",M,חודשי,USD,דולרים,L150200,"יתרות מט""ח",_Z,לא רלוונטי,STK,יתרה,_Z,לא רלוונטי,BOI,בנק ישראל,E,סוף תקופה,F,לא סודי,6,מיליונים,2005-10,28715.96897192,YP,תצפית משוחררת לציבור ופנימית ( Public)
ACC_RES2700018_D_B_ME,"יתרות מט""ח (במונחי דולר)",M,חודשי,USD,דולרים,L150200,"יתרות מט""ח",_Z,לא רלוונטי,STK,יתרה,_Z,לא רלוונטי,BOI,בנק ישראל,E,סוף תקופה,F,לא סודי,6,מיליונים,2005-11,28310.25539537,YP,תצפית משוחררת לציבור ופנימית ( Public)
ACC_RES2700018_D_B_ME,"יתרות מט""ח (במונחי דולר)",M,חודשי,USD,דולרים,L150200,"יתרות מט""ח",_Z,לא רלוונטי,STK,יתרה,_Z,לא רלוונטי,BOI,בנק ישראל,E,סוף תקופה,F,לא סודי,6,מיליונים,2005-12,28060.53840342,YP,תצפית משוחררת לציבור ופנימית ( Public)
ACC_RES2700018_D_B_ME,"יתרות מט""ח (במונחי דולר)",M,חודשי,USD,דולרים,L150200,"יתרות מט""ח",_Z,לא רלוונטי,STK,יתרה,_Z,לא רלוונטי,BOI,בנק ישראל,E,סוף תקופה,F,לא סודי,6,מיליונים,2006-01,28300.33508477,YP,תצפית משוחררת לציבור ופנימית ( Public)
ACC_RES2700018_D_B_ME,"יתרות מט""ח (במונחי דולר)",M,חודשי,USD,דולרים,L150200,"יתרות מט""ח",_Z,לא רלוונטי,STK,יתרה,_Z,לא רלוונטי,BOI,בנק ישראל,E,סוף תקופה,F,לא סודי,6,מיליונים,2006-02,28207.13187633,YP,תצפית משוחררת לציבור ופנימית ( Public)
ACC_RES2700018_D_B_ME,"יתרות מט""ח (במונחי דולר)",M,חודשי,USD,דולרים,L150200,"יתרות מט""ח",_Z,לא רלוונטי,STK,יתרה,_Z,לא רלוונטי,BOI,בנק ישראל,E,סוף תקופה,F,לא סודי,6,מיליונים,2006-03,28048.25759525,YP,תצפית משוחררת לציבור ופנימית ( Public)
ACC_RES2700018_D_B_ME,"יתרות מט""ח (במונחי דולר)",M,חודשי,USD,דולרים,L150200,"יתרות מט""ח",_Z,לא רלוונטי,STK,יתרה,_Z,לא רלוונטי,BOI,בנק ישראל,E,סוף תקופה,F,לא סודי,6,מיליונים,2006-04,27988.82643047,YP,תצפית משוחררת לציבור ופנימית ( Public)
ACC_RES2700018_D_B_ME,"יתרות מט""ח (במונחי דולר)",M,חודשי,USD,דולרים,L150200,"יתרות מט""ח",_Z,לא רלוונטי,STK,יתרה,_Z,לא רלוונטי,BOI,בנק ישראל,E,סוף תקופה,F,לא סודי,6,מיליונים,2006-05,28229.90250643,YP,תצפית משוחררת לציבור ופנימית ( Public)
ACC_RES2700018_D_B_ME,"יתרות מט""ח (במונחי דולר)",M,חודשי,USD,דולרים,L150200,"יתרות מט""ח",_Z,לא רלוונטי,STK,יתרה,_Z,לא רלוונטי,BOI,בנק ישראל,E,סוף תקופה,F,לא סודי,6,מיליונים,2006-06,27501.89568482,YP,תצפית משוחררת לציבור ופנימית ( Public)
ACC_RES2700018_D_B_ME,"יתרות מט""ח (במונחי דולר)",M,חודשי,USD,דולרים,L150200,"יתרות מט""ח",_Z,לא רלוונטי,STK,יתרה,_Z,לא רלוונטי,BOI,בנק ישראל,E,סוף תקופה,F,לא סודי,6,מיליונים,2006-07,28137.11658539,YP,תצפית משוחררת לציבור ופנימית ( Public)
ACC_RES2700018_D_B_ME,"יתרות מט""ח (במונחי דולר)",M,חודשי,USD,דולרים,L150200,"יתרות מט""ח",_Z,לא רלוונטי,STK,יתרה,_Z,לא רלוונטי,BOI,בנק ישראל,E,סוף תקופה,F,לא סודי,6,מיליונים,2006-08,28103.97657868,YP,תצפית משוחררת לציבור ופנימית ( Public)
ACC_RES2700018_D_B_ME,"יתרות מט""ח (במונחי דולר)",M,חודשי,USD,דולרים,L150200,"יתרות מט""ח",_Z,לא רלוונטי,STK,יתרה,_Z,לא רלוונטי,BOI,בנק ישראל,E,סוף תקופה,F,לא סודי,6,מיליונים,2006-09,27777.17468209,YP,תצפית משוחררת לציבור ופנימית ( Public)
ACC_RES2700018_D_B_ME,"יתרות מט""ח (במונחי דולר)",M,חודשי,USD,דולרים,L150200,"יתרות מט""ח",_Z,לא רלוונטי,STK,יתרה,_Z,לא רלוונטי,BOI,בנק ישראל,E,סוף תקופה,F,לא סודי,6,מיליונים,2006-10,27516.51417655,YP,תצפית משוחררת לציבור ופנימית ( Public)
ACC_RES2700018_D_B_ME,"יתרות מט""ח (במונחי דולר)",M,חודשי,USD,דולרים,L150200,"יתרות מט""ח",_Z,לא רלוונטי,STK,יתרה,_Z,לא רלוונטי,BOI,בנק ישראל,E,סוף תקופה,F,לא סודי,6,מיליונים,2006-11,28657.37385849,YP,תצפית משוחררת לציבור ופנימית ( Public)
ACC_RES2700018_D_B_ME,"יתרות מט""ח (במונחי דולר)",M,חודשי,USD,דולרים,L150200,"יתרות מט""ח",_Z,לא רלוונטי,STK,יתרה,_Z,לא רלוונטי,BOI,בנק ישראל,E,סוף תקופה,F,לא סודי,6,מיליונים,2006-12,29178.24937151,YP,תצפית משוחררת לציבור ופנימית ( Public)
ACC_RES2700018_D_B_ME,"יתרות מט""ח (במונחי דולר)",M,חודשי,USD,דולרים,L150200,"יתרות מט""ח",_Z,לא רלוונטי,STK,יתרה,_Z,לא רלוונטי,BOI,בנק ישראל,E,סוף תקופה,F,לא סודי,6,מיליונים,2007-01,28607.45097495,YP,תצפית משוחררת לציבור ופנימית ( Public)
ACC_RES2700018_D_B_ME,"יתרות מט""ח (במונחי דולר)",M,חודשי,USD,דולרים,L150200,"יתרות מט""ח",_Z,לא רלוונטי,STK,יתרה,_Z,לא רלוונטי,BOI,בנק ישראל,E,סוף תקופה,F,לא סודי,6,מיליונים,2007-02,30924.35635559,YP,תצפית משוחררת לציבור ופנימית ( Public)
ACC_RES2700018_D_B_ME,"יתרות מט""ח (במונחי דולר)",M,חודשי,USD,דולרים,L150200,"יתרות מט""ח",_Z,לא רלוונטי,STK,יתרה,_Z,לא רלוונטי,BOI,בנק ישראל,E,סוף תקופה,F,לא סודי,6,מיליונים,2007-03,30627.65076683,YP,תצפית משוחררת לציבור ופנימית ( Public)
ACC_RES2700018_D_B_ME,"יתרות מט""ח (במונחי דולר)",M,חודשי,USD,דולרים,L150200,"יתרות מט""ח",_Z,לא רלוונטי,STK,יתרה,_Z,לא רלוונטי,BOI,בנק ישראל,E,סוף תקופה,F,לא סודי,6,מיליונים,2007-04,29972.87318867,YP,תצפית משוחררת לציבור ופנימית ( Public)
ACC_RES2700018_D_B_ME,"יתרות מט""ח (במונחי דולר)",M,חודשי,USD,דולרים,L150200,"יתרות מט""ח",_Z,לא רלוונטי,STK,יתרה,_Z,לא רלוונטי,BOI,בנק ישראל,E,סוף תקופה,F,לא סודי,6,מיליונים,2007-05,28546.20451877,YP,תצפית משוחררת לציבור ופנימית ( Public)
ACC_RES2700018_D_B_ME,"יתרות מט""ח (במונחי דולר)",M,חודשי,USD,דולרים,L150200,"יתרות מט""ח",_Z,לא רלוונטי,STK,יתרה,_Z,לא רלוונטי,BOI,בנק ישראל,E,סוף תקופה,F,לא סודי,6,מיליונים,2007-06,29070.97037947,YP,תצפית משוחררת לציבור ופנימית ( Public)
ACC_RES2700018_D_B_ME,"יתרות מט""ח (במונחי דולר)",M,חודשי,USD,דולרים,L150200,"יתרות מט""ח",_Z,לא רלוונטי,STK,יתרה,_Z,לא רלוונטי,BOI,בנק ישראל,E,סוף תקופה,F,לא סודי,6,מיליונים,2007-07,28416.97507136,YP,תצפית משוחררת לציבור ופנימית ( Public)
ACC_RES2700018_D_B_ME,"יתרות מט""ח (במונחי דולר)",M,חודשי,USD,דולרים,L150200,"יתרות מט""ח",_Z,לא רלוונטי,STK,יתרה,_Z,לא רלוונטי,BOI,בנק ישראל,E,סוף תקופה,F,לא סודי,6,מיליונים,2007-08,28916.86046075,YP,תצפית משוחררת לציבור ופנימית ( Public)
ACC_RES2700018_D_B_ME,"יתרות מט""ח (במונחי דולר)",M,חודשי,USD,דולרים,L150200,"יתרות מט""ח",_Z,לא רלוונטי,STK,יתרה,_Z,לא רלוונטי,BOI,בנק ישראל,E,סוף תקופה,F,לא סודי,6,מיליונים,2007-09,29221.80365804,YP,תצפית משוחררת לציבור ופנימית ( Public)
ACC_RES2700018_D_B_ME,"יתרות מט""ח (במונחי דולר)",M,חודשי,USD,דולרים,L150200,"יתרות מט""ח",_Z,לא רלוונטי,STK,יתרה,_Z,לא רלוונטי,BOI,בנק ישראל,E,סוף תקופה,F,לא סודי,6,מיליונים,2007-10,28824.89067081,YP,תצפית משוחררת לציבור ופנימית ( Public)
ACC_RES2700018_D_B_ME,"יתרות מט""ח (במונחי דולר)",M,חודשי,USD,דולרים,L150200,"יתרות מט""ח",_Z,לא רלוונטי,STK,יתרה,_Z,לא רלוונטי,BOI,בנק ישראל,E,סוף תקופה,F,לא סודי,6,מיליונים,2007-11,28456.53788634,YP,תצפית משוחררת לציבור ופנימית ( Public)
ACC_RES2700018_D_B_ME,"יתרות מט""ח (במונחי דולר)",M,חודשי,USD,דולרים,L150200,"יתרות מט""ח",_Z,לא רלוונטי,STK,יתרה,_Z,לא רלוונטי,BOI,בנק ישראל,E,סוף תקופה,F,לא סודי,6,מיליונים,2007-12,28555.93158621,YP,תצפית משוחררת לציבור ופנימית ( Public)
ACC_RES2700018_D_B_ME,"יתרות מט""ח (במונחי דולר)",M,חודשי,USD,דולרים,L150200,"יתרות מט""ח",_Z,לא רלוונטי,STK,יתרה,_Z,לא רלוונטי,BOI,בנק ישראל,E,סוף תקופה,F,לא סודי,6,מיליונים,2008-01,28713.32473562,YP,תצפית משוחררת לציבור ופנימית ( Public)
ACC_RES2700018_D_B_ME,"יתרות מט""ח (במונחי דולר)",M,חודשי,USD,דולרים,L150200,"יתרות מט""ח",_Z,לא רלוונטי,STK,יתרה,_Z,לא רלוונטי,BOI,בנק ישראל,E,סוף תקופה,F,לא סודי,6,מיליונים,2008-02,28582.61194331,YP,תצפית משוחררת לציבור ופנימית ( Public)
ACC_RES2700018_D_B_ME,"יתרות מט""ח (במונחי דולר)",M,חודשי,USD,דולרים,L150200,"יתרות מט""ח",_Z,לא רלוונטי,STK,יתרה,_Z,לא רלוונטי,BOI,בנק ישראל,E,סוף תקופה,F,לא סודי,6,מיליונים,2008-03,29539.30038781,YP,תצפית משוחררת לציבור ופנימית ( Public)
ACC_RES2700018_D_B_ME,"יתרות מט""ח (במונחי דולר)",M,חודשי,USD,דולרים,L150200,"יתרות מט""ח",_Z,לא רלוונטי,STK,יתרה,_Z,לא רלוונטי,BOI,בנק ישראל,E,סוף תקופה,F,לא סודי,6,מיליונים,2008-04,29478.27306908,YP,תצפית משוחררת לציבור ופנימית ( Public)
ACC_RES2700018_D_B_ME,"יתרות מט""ח (במונחי דולר)",M,חודשי,USD,דולרים,L150200,"יתרות מט""ח",_Z,לא רלוונטי,STK,יתרה,_Z,לא רלוונטי,BOI,בנק ישראל,E,סוף תקופה,F,לא סודי,6,מיליונים,2008-05,29958.33467639,YP,תצפית משוחררת לציבור ופנימית ( Public)
ACC_RES2700018_D_B_ME,"יתרות מט""ח (במונחי דולר)",M,חודשי,USD,דולרים,L150200,"יתרות מט""ח",_Z,לא רלוונטי,STK,יתרה,_Z,לא רלוונטי,BOI,בנק ישראל,E,סוף תקופה,F,לא סודי,6,מיליונים,2008-06,31383.39188819,YP,תצפית משוחררת לציבור ופנימית ( Public)
ACC_RES2700018_D_B_ME,"יתרות מט""ח (במונחי דולר)",M,חודשי,USD,דולרים,L150200,"יתרות מט""ח",_Z,לא רלוונטי,STK,יתרה,_Z,לא רלוונטי,BOI,בנק ישראל,E,סוף תקופה,F,לא סודי,6,מיליונים,2008-07,32623.76119981,YP,תצפית משוחררת לציבור ופנימית ( Public)
ACC_RES2700018_D_B_ME,"יתרות מט""ח (במונחי דולר)",M,חודשי,USD,דולרים,L150200,"יתרות מט""ח",_Z,לא רלוונטי,STK,יתרה,_Z,לא רלוונטי,BOI,בנק ישראל,E,סוף תקופה,F,לא סודי,6,מיליונים,2008-08,33749.93744046,YP,תצפית משוחררת לציבור ופנימית ( Public)
ACC_RES2700018_D_B_ME,"יתרות מט""ח (במונחי דולר)",M,חודשי,USD,דולרים,L150200,"יתרות מט""ח",_Z,לא רלוונטי,STK,יתרה,_Z,לא רלוונטי,BOI,בנק ישראל,E,סוף תקופה,F,לא סודי,6,מיליונים,2008-09,36255.55703567,YP,תצפית משוחררת לציבור ופנימית ( Public)
ACC_RES2700018_D_B_ME,"יתרות מט""ח (במונחי דולר)",M,חודשי,USD,דולרים,L150200,"יתרות מט""ח",_Z,לא רלוונטי,STK,יתרה,_Z,לא רלוונטי,BOI,בנק ישראל,E,סוף תקופה,F,לא סודי,6,מיליונים,2008-10,35265.05616365,YP,תצפית משוחררת לציבור ופנימית ( Public)
ACC_RES2700018_D_B_ME,"יתרות מט""ח (במונחי דולר)",M,חודשי,USD,דולרים,L150200,"יתרות מט""ח",_Z,לא רלוונטי,STK,יתרה,_Z,לא רלוונטי,BOI,בנק ישראל,E,סוף תקופה,F,לא סודי,6,מיליונים,2008-11,37024.09757247,YP,תצפית משוחררת לציבור ופנימית ( Public)
ACC_RES2700018_D_B_ME,"יתרות מט""ח (במונחי דולר)",M,חודשי,USD,דולרים,L150200,"יתרות מט""ח",_Z,לא רלוונטי,STK,יתרה,_Z,לא רלוונטי,BOI,בנק ישראל,E,סוף תקופה,F,לא סודי,6,מיליונים,2008-12,42513.02415616,YP,תצפית משוחררת לציבור ופנימית ( Public)
ACC_RES2700018_D_B_ME,"יתרות מט""ח (במונחי דולר)",M,חודשי,USD,דולרים,L150200,"יתרות מט""ח",_Z,לא רלוונטי,STK,יתרה,_Z,לא רלוונטי,BOI,בנק ישראל,E,סוף תקופה,F,לא סודי,6,מיליונים,2009-01,41926.95392528,YP,תצפית משוחררת לציבור ופנימית ( Public)
ACC_RES2700018_D_B_ME,"יתרות מט""ח (במונחי דולר)",M,חודשי,USD,דולרים,L150200,"יתרות מט""ח",_Z,לא רלוונטי,STK,יתרה,_Z,לא רלוונטי,BOI,בנק ישראל,E,סוף תקופה,F,לא סודי,6,מיליונים,2009-02,40808.02795535,YP,תצפית משוחררת לציבור ופנימית ( Public)
ACC_RES2700018_D_B_ME,"יתרות מט""ח (במונחי דולר)",M,חודשי,USD,דולרים,L150200,"יתרות מט""ח",_Z,לא רלוונטי,STK,יתרה,_Z,לא רלוונטי,BOI,בנק ישראל,E,סוף תקופה,F,לא סודי,6,מיליונים,2009-03,44326.49784716,YP,תצפית משוחררת לציבור ופנימית ( Public)
ACC_RES2700018_D_B_ME,"יתרות מט""ח (במונחי דולר)",M,חודשי,USD,דולרים,L150200,"יתרות מט""ח",_Z,לא רלוונטי,STK,יתרה,_Z,לא רלוונטי,BOI,בנק ישראל,E,סוף תקופה,F,לא סודי,6,מיליונים,2009-04,45247.76327305,YP,תצפית משוחררת לציבור ופנימית ( Public)
ACC_RES2700018_D_B_ME,"יתרות מט""ח (במונחי דולר)",M,חודשי,USD,דולרים,L150200,"יתרות מט""ח",_Z,לא רלוונטי,STK,יתרה,_Z,לא רלוונטי,BOI,בנק ישראל,E,סוף תקופה,F,לא סודי,6,מיליונים,2009-05,47725.83931621,YP,תצפית משוחררת לציבור ופנימית ( Public)
ACC_RES2700018_D_B_ME,"יתרות מט""ח (במונחי דולר)",M,חודשי,USD,דולרים,L150200,"יתרות מט""ח",_Z,לא רלוונטי,STK,יתרה,_Z,לא רלוונטי,BOI,בנק ישראל,E,סוף תקופה,F,לא סודי,6,מיליונים,2009-06,50271.64816407,YP,תצפית משוחררת לציבור ופנימית ( Public)
ACC_RES2700018_D_B_ME,"יתרות מט""ח (במונחי דולר)",M,חודשי,USD,דולרים,L150200,"יתרות מט""ח",_Z,לא רלוונטי,STK,יתרה,_Z,לא רלוונטי,BOI,בנק ישראל,E,סוף תקופה,F,לא סודי,6,מיליונים,2009-07,52380.10260332,YP,תצפית משוחררת לציבור ופנימית ( Public)
ACC_RES2700018_D_B_ME,"יתרות מט""ח (במונחי דולר)",M,חודשי,USD,דולרים,L150200,"יתרות מט""ח",_Z,לא רלוונטי,STK,יתרה,_Z,לא רלוונטי,BOI,בנק ישראל,E,סוף תקופה,F,לא סודי,6,מיליונים,2009-08,57767.02823953,YP,תצפית משוחררת לציבור ופנימית ( Public)
ACC_RES2700018_D_B_ME,"יתרות מט""ח (במונחי דולר)",M,חודשי,USD,דולרים,L150200,"יתרות מט""ח",_Z,לא רלוונטי,STK,יתרה,_Z,לא רלוונטי,BOI,בנק ישראל,E,סוף תקופה,F,לא סודי,6,מיליונים,2009-09,59962.96753484,YP,תצפית משוחררת לציבור ופנימית ( Public)
ACC_RES2700018_D_B_ME,"יתרות מט""ח (במונחי דולר)",M,חודשי,USD,דולרים,L150200,"יתרות מט""ח",_Z,לא רלוונטי,STK,יתרה,_Z,לא רלוונטי,BOI,בנק ישראל,E,סוף תקופה,F,לא סודי,6,מיליונים,2009-10,61195.65924966,YP,תצפית משוחררת לציבור ופנימית ( Public)
ACC_RES2700018_D_B_ME,"יתרות מט""ח (במונחי דולר)",M,חודשי,USD,דולרים,L150200,"יתרות מט""ח",_Z,לא רלוונטי,STK,יתרה,_Z,לא רלוונטי,BOI,בנק ישראל,E,סוף תקופה,F,לא סודי,6,מיליונים,2009-11,61544.18421886,YP,תצפית משוחררת לציבור ופנימית ( Public)
ACC_RES2700018_D_B_ME,"יתרות מט""ח (במונחי דולר)",M,חודשי,USD,דולרים,L150200,"יתרות מט""ח",_Z,לא רלוונטי,STK,יתרה,_Z,לא רלוונטי,BOI,בנק ישראל,E,סוף תקופה,F,לא סודי,6,מיליונים,2009-12,60612.45512778,YP,תצפית משוחררת לציבור ופנימית ( Public)
ACC_RES2700018_D_B_ME,"יתרות מט""ח (במונחי דולר)",M,חודשי,USD,דולרים,L150200,"יתרות מט""ח",_Z,לא רלוונטי,STK,יתרה,_Z,לא רלוונטי,BOI,בנק ישראל,E,סוף תקופה,F,לא סודי,6,מיליונים,2010-01,61600.78744856,YP,תצפית משוחררת לציבור ופנימית ( Public)
ACC_RES2700018_D_B_ME,"יתרות מט""ח (במונחי דולר)",M,חודשי,USD,דולרים,L150200,"יתרות מט""ח",_Z,לא רלוונטי,STK,יתרה,_Z,לא רלוונטי,BOI,בנק ישראל,E,סוף תקופה,F,לא סודי,6,מיליונים,2010-02,60728.88318384,YP,תצפית משוחררת לציבור ופנימית ( Public)
ACC_RES2700018_D_B_ME,"יתרות מט""ח (במונחי דולר)",M,חודשי,USD,דולרים,L150200,"יתרות מט""ח",_Z,לא רלוונטי,STK,יתרה,_Z,לא רלוונטי,BOI,בנק ישראל,E,סוף תקופה,F,לא סודי,6,מיליונים,2010-03,62475.27346151,YP,תצפית משוחררת לציבור ופנימית ( Public)
ACC_RES2700018_D_B_ME,"יתרות מט""ח (במונחי דולר)",M,חודשי,USD,דולרים,L150200,"יתרות מט""ח",_Z,לא רלוונטי,STK,יתרה,_Z,לא רלוונטי,BOI,בנק ישראל,E,סוף תקופה,F,לא סודי,6,מיליונים,2010-04,64472.89208007,YP,תצפית משוחררת לציבור ופנימית ( Public)
ACC_RES2700018_D_B_ME,"יתרות מט""ח (במונחי דולר)",M,חודשי,USD,דולרים,L150200,"יתרות מט""ח",_Z,לא רלוונטי,STK,יתרה,_Z,לא רלוונטי,BOI,בנק ישראל,E,סוף תקופה,F,לא סודי,6,מיליונים,2010-05,63417.46045499,YP,תצפית משוחררת לציבור ופנימית ( Public)
ACC_RES2700018_D_B_ME,"יתרות מט""ח (במונחי דולר)",M,חודשי,USD,דולרים,L150200,"יתרות מט""ח",_Z,לא רלוונטי,STK,יתרה,_Z,לא רלוונטי,BOI,בנק ישראל,E,סוף תקופה,F,לא סודי,6,מיליונים,2010-06,63096.31442997,YP,תצפית משוחררת לציבור ופנימית ( Public)
ACC_RES2700018_D_B_ME,"יתרות מט""ח (במונחי דולר)",M,חודשי,USD,דולרים,L150200,"יתרות מט""ח",_Z,לא רלוונטי,STK,יתרה,_Z,לא רלוונטי,BOI,בנק ישראל,E,סוף תקופה,F,לא סודי,6,מיליונים,2010-07,64312.89581395,YP,תצפית משוחררת לציבור ופנימית ( Public)
ACC_RES2700018_D_B_ME,"יתרות מט""ח (במונחי דולר)",M,חודשי,USD,דולרים,L150200,"יתרות מט""ח",_Z,לא רלוונטי,STK,יתרה,_Z,לא רלוונטי,BOI,בנק ישראל,E,סוף תקופה,F,לא סודי,6,מיליונים,2010-08,64107.50508282,YP,תצפית משוחררת לציבור ופנימית ( Public)
ACC_RES2700018_D_B_ME,"יתרות מט""ח (במונחי דולר)",M,חודשי,USD,דולרים,L150200,"יתרות מט""ח",_Z,לא רלוונטי,STK,יתרה,_Z,לא רלוונטי,BOI,בנק ישראל,E,סוף תקופה,F,לא סודי,6,מיליונים,2010-09,66260.04808313,YP,תצפית משוחררת לציבור ופנימית ( Public)
ACC_RES2700018_D_B_ME,"יתרות מט""ח (במונחי דולר)",M,חודשי,USD,דולרים,L150200,"יתרות מט""ח",_Z,לא רלוונטי,STK,יתרה,_Z,לא רלוונטי,BOI,בנק ישראל,E,סוף תקופה,F,לא סודי,6,מיליונים,2010-10,69610.15220851,YP,תצפית משוחררת לציבור ופנימית ( Public)
ACC_RES2700018_D_B_ME,"יתרות מט""ח (במונחי דולר)",M,חודשי,USD,דולרים,L150200,"יתרות מט""ח",_Z,לא רלוונטי,STK,יתרה,_Z,לא רלוונטי,BOI,בנק ישראל,E,סוף תקופה,F,לא סודי,6,מיליונים,2010-11,68277.12256821,YP,תצפית משוחררת לציבור ופנימית ( Public)
ACC_RES2700018_D_B_ME,"יתרות מט""ח (במונחי דולר)",M,חודשי,USD,דולרים,L150200,"יתרות מט""ח",_Z,לא רלוונטי,STK,יתרה,_Z,לא רלוונטי,BOI,בנק ישראל,E,סוף תקופה,F,לא סודי,6,מיליונים,2010-12,70913.25763028,YP,תצפית משוחררת לציבור ופנימית ( Public)
ACC_RES2700018_D_B_ME,"יתרות מט""ח (במונחי דולר)",M,חודשי,USD,דולרים,L150200,"יתרות מט""ח",_Z,לא רלוונטי,STK,יתרה,_Z,לא רלוונטי,BOI,בנק ישראל,E,סוף תקופה,F,לא סודי,6,מיליונים,2011-01,73397.93670785,YP,תצפית משוחררת לציבור ופנימית ( Public)
ACC_RES2700018_D_B_ME,"יתרות מט""ח (במונחי דולר)",M,חודשי,USD,דולרים,L150200,"יתרות מט""ח",_Z,לא רלוונטי,STK,יתרה,_Z,לא רלוונטי,BOI,בנק ישראל,E,סוף תקופה,F,לא סודי,6,מיליונים,2011-02,73793.16608821,YP,תצפית משוחררת לציבור ופנימית ( Public)
ACC_RES2700018_D_B_ME,"יתרות מט""ח (במונחי דולר)",M,חודשי,USD,דולרים,L150200,"יתרות מט""ח",_Z,לא רלוונטי,STK,יתרה,_Z,לא רלוונטי,BOI,בנק ישראל,E,סוף תקופה,F,לא סודי,6,מיליונים,2011-03,74526.35805062,YP,תצפית משוחררת לציבור ופנימית ( Public)
ACC_RES2700018_D_B_ME,"יתרות מט""ח (במונחי דולר)",M,חודשי,USD,דולרים,L150200,"יתרות מט""ח",_Z,לא רלוונטי,STK,יתרה,_Z,לא רלוונטי,BOI,בנק ישראל,E,סוף תקופה,F,לא סודי,6,מיליונים,2011-04,77409.00395487,YP,תצפית משוחררת לציבור ופנימית ( Public)
ACC_RES2700018_D_B_ME,"יתרות מט""ח (במונחי דולר)",M,חודשי,USD,דולרים,L150200,"יתרות מט""ח",_Z,לא רלוונטי,STK,יתרה,_Z,לא רלוונטי,BOI,בנק ישראל,E,סוף תקופה,F,לא סודי,6,מיליונים,2011-05,76801.81253985,YP,תצפית משוחררת לציבור ופנימית ( Public)
ACC_RES2700018_D_B_ME,"יתרות מט""ח (במונחי דולר)",M,חודשי,USD,דולרים,L150200,"יתרות מט""ח",_Z,לא רלוונטי,STK,יתרה,_Z,לא רלוונטי,BOI,בנק ישראל,E,סוף תקופה,F,לא סודי,6,מיליונים,2011-06,77413.71605133,YP,תצפית משוחררת לציבור ופנימית ( Public)
ACC_RES2700018_D_B_ME,"יתרות מט""ח (במונחי דולר)",M,חודשי,USD,דולרים,L150200,"יתרות מט""ח",_Z,לא רלוונטי,STK,יתרה,_Z,לא רלוונטי,BOI,בנק ישראל,E,סוף תקופה,F,לא סודי,6,מיליונים,2011-07,77943.18868493,YP,תצפית משוחררת לציבור ופנימית ( Public)
ACC_RES2700018_D_B_ME,"יתרות מט""ח (במונחי דולר)",M,חודשי,USD,דולרים,L150200,"יתרות מט""ח",_Z,לא רלוונטי,STK,יתרה,_Z,לא רלוונטי,BOI,בנק ישראל,E,סוף תקופה,F,לא סודי,6,מיליונים,2011-08,78077.51791653,YP,תצפית משוחררת לציבור ופנימית ( Public)
ACC_RES2700018_D_B_ME,"יתרות מט""ח (במונחי דולר)",M,חודשי,USD,דולרים,L150200,"יתרות מט""ח",_Z,לא רלוונטי,STK,יתרה,_Z,לא רלוונטי,BOI,בנק ישראל,E,סוף תקופה,F,לא סודי,6,מיליונים,2011-09,76331.19925433,YP,תצפית משוחררת לציבור ופנימית ( Public)
ACC_RES2700018_D_B_ME,"יתרות מט""ח (במונחי דולר)",M,חודשי,USD,דולרים,L150200,"יתרות מט""ח",_Z,לא רלוונטי,STK,יתרה,_Z,לא רלוונטי,BOI,בנק ישראל,E,סוף תקופה,F,לא סודי,6,מיליונים,2011-10,76902.42693565,YP,תצפית משוחררת לציבור ופנימית ( Public)
ACC_RES2700018_D_B_ME,"יתרות מט""ח (במונחי דולר)",M,חודשי,USD,דולרים,L150200,"יתרות מט""ח",_Z,לא רלוונטי,STK,יתרה,_Z,לא רלוונטי,BOI,בנק ישראל,E,סוף תקופה,F,לא סודי,6,מיליונים,2011-11,75154.29141383,YP,תצפית משוחררת לציבור ופנימית ( Public)
ACC_RES2700018_D_B_ME,"יתרות מט""ח (במונחי דולר)",M,חודשי,USD,דולרים,L150200,"יתרות מט""ח",_Z,לא רלוונטי,STK,יתרה,_Z,לא רלוונטי,BOI,בנק ישראל,E,סוף תקופה,F,לא סודי,6,מיליונים,2011-12,74875.18653785,YP,תצפית משוחררת לציבור ופנימית ( Public)
ACC_RES2700018_D_B_ME,"יתרות מט""ח (במונחי דולר)",M,חודשי,USD,דולרים,L150200,"יתרות מט""ח",_Z,לא רלוונטי,STK,יתרה,_Z,לא רלוונטי,BOI,בנק ישראל,E,סוף תקופה,F,לא סודי,6,מיליונים,2012-01,77115.16427961,YP,תצפית משוחררת לציבור ופנימית ( Public)
ACC_RES2700018_D_B_ME,"יתרות מט""ח (במונחי דולר)",M,חודשי,USD,דולרים,L150200,"יתרות מט""ח",_Z,לא רלוונטי,STK,יתרה,_Z,לא רלוונטי,BOI,בנק ישראל,E,סוף תקופה,F,לא סודי,6,מיליונים,2012-02,77100.29711066,YP,תצפית משוחררת לציבור ופנימית ( Public)
ACC_RES2700018_D_B_ME,"יתרות מט""ח (במונחי דולר)",M,חודשי,USD,דולרים,L150200,"יתרות מט""ח",_Z,לא רלוונטי,STK,יתרה,_Z,לא רלוונטי,BOI,בנק ישראל,E,סוף תקופה,F,לא סודי,6,מיליונים,2012-03,76997.17409022,YP,תצפית משוחררת לציבור ופנימית ( Public)
ACC_RES2700018_D_B_ME,"יתרות מט""ח (במונחי דולר)",M,חודשי,USD,דולרים,L150200,"יתרות מט""ח",_Z,לא רלוונטי,STK,יתרה,_Z,לא רלוונטי,BOI,בנק ישראל,E,סוף תקופה,F,לא סודי,6,מיליונים,2012-04,76630.28558469,YP,תצפית משוחררת לציבור ופנימית ( Public)
ACC_RES2700018_D_B_ME,"יתרות מט""ח (במונחי דולר)",M,חודשי,USD,דולרים,L150200,"יתרות מט""ח",_Z,לא רלוונטי,STK,יתרה,_Z,לא רלוונטי,BOI,בנק ישראל,E,סוף תקופה,F,לא סודי,6,מיליונים,2012-05,74792.18647973,YP,תצפית משוחררת לציבור ופנימית ( Public)
ACC_RES2700018_D_B_ME,"יתרות מט""ח (במונחי דולר)",M,חודשי,USD,דולרים,L150200,"יתרות מט""ח",_Z,לא רלוונטי,STK,יתרה,_Z,לא רלוונטי,BOI,בנק ישראל,E,סוף תקופה,F,לא סודי,6,מיליונים,2012-06,75118.68146822,YP,תצפית משוחררת לציבור ופנימית ( Public)
ACC_RES2700018_D_B_ME,"יתרות מט""ח (במונחי דולר)",M,חודשי,USD,דולרים,L150200,"יתרות מט""ח",_Z,לא רלוונטי,STK,יתרה,_Z,לא רלוונטי,BOI,בנק ישראל,E,סוף תקופה,F,לא סודי,6,מיליונים,2012-07,75385.52852765,YP,תצפית משוחררת לציבור ופנימית ( Public)
ACC_RES2700018_D_B_ME,"יתרות מט""ח (במונחי דולר)",M,חודשי,USD,דולרים,L150200,"יתרות מט""ח",_Z,לא רלוונטי,STK,יתרה,_Z,לא רלוונטי,BOI,בנק ישראל,E,סוף תקופה,F,לא סודי,6,מיליונים,2012-08,75616.26256956,YP,תצפית משוחררת לציבור ופנימית ( Public)
ACC_RES2700018_D_B_ME,"יתרות מט""ח (במונחי דולר)",M,חודשי,USD,דולרים,L150200,"יתרות מט""ח",_Z,לא רלוונטי,STK,יתרה,_Z,לא רלוונטי,BOI,בנק ישראל,E,סוף תקופה,F,לא סודי,6,מיליונים,2012-09,76225.71495752,YP,תצפית משוחררת לציבור ופנימית ( Public)
ACC_RES2700018_D_B_ME,"יתרות מט""ח (במונחי דולר)",M,חודשי,USD,דולרים,L150200,"יתרות מט""ח",_Z,לא רלוונטי,STK,יתרה,_Z,לא רלוונטי,BOI,בנק ישראל,E,סוף תקופה,F,לא סודי,6,מיליונים,2012-10,75896.31625981,YP,תצפית משוחררת לציבור ופנימית ( Public)
ACC_RES2700018_D_B_ME,"יתרות מט""ח (במונחי דולר)",M,חודשי,USD,דולרים,L150200,"יתרות מט""ח",_Z,לא רלוונטי,STK,יתרה,_Z,לא רלוונטי,BOI,בנק ישראל,E,סוף תקופה,F,לא סודי,6,מיליונים,2012-11,75672.10549821,YP,תצפית משוחררת לציבור ופנימית ( Public)
ACC_RES2700018_D_B_ME,"יתרות מט""ח (במונחי דולר)",M,חודשי,USD,דולרים,L150200,"יתרות מט""ח",_Z,לא רלוונטי,STK,יתרה,_Z,לא רלוונטי,BOI,בנק ישראל,E,סוף תקופה,F,לא סודי,6,מיליונים,2012-12,75905.55923048,YP,תצפית משוחררת לציבור ופנימית ( Public)
ACC_RES2700018_D_B_ME,"יתרות מט""ח (במונחי דולר)",M,חודשי,USD,דולרים,L150200,"יתרות מט""ח",_Z,לא רלוונטי,STK,יתרה,_Z,לא רלוונטי,BOI,בנק ישראל,E,סוף תקופה,F,לא סודי,6,מיליונים,2013-01,78413.22408967,YP,תצפית משוחררת לציבור ופנימית ( Public)
ACC_RES2700018_D_B_ME,"יתרות מט""ח (במונחי דולר)",M,חודשי,USD,דולרים,L150200,"יתרות מט""ח",_Z,לא רלוונטי,STK,יתרה,_Z,לא רלוונטי,BOI,בנק ישראל,E,סוף תקופה,F,לא סודי,6,מיליונים,2013-02,77275.28241347,YP,תצפית משוחררת לציבור ופנימית ( Public)
ACC_RES2700018_D_B_ME,"יתרות מט""ח (במונחי דולר)",M,חודשי,USD,דולרים,L150200,"יתרות מט""ח",_Z,לא רלוונטי,STK,יתרה,_Z,לא רלוונטי,BOI,בנק ישראל,E,סוף תקופה,F,לא סודי,6,מיליונים,2013-03,76966.7907188,YP,תצפית משוחררת לציבור ופנימית ( Public)
ACC_RES2700018_D_B_ME,"יתרות מט""ח (במונחי דולר)",M,חודשי,USD,דולרים,L150200,"יתרות מט""ח",_Z,לא רלוונטי,STK,יתרה,_Z,לא רלוונטי,BOI,בנק ישראל,E,סוף תקופה,F,לא סודי,6,מיליונים,2013-04,77146.14210485,YP,תצפית משוחררת לציבור ופנימית ( Public)
ACC_RES2700018_D_B_ME,"יתרות מט""ח (במונחי דולר)",M,חודשי,USD,דולרים,L150200,"יתרות מט""ח",_Z,לא רלוונטי,STK,יתרה,_Z,לא רלוונטי,BOI,בנק ישראל,E,סוף תקופה,F,לא סודי,6,מיליונים,2013-05,77651.09455731,YP,תצפית משוחררת לציבור ופנימית ( Public)
ACC_RES2700018_D_B_ME,"יתרות מט""ח (במונחי דולר)",M,חודשי,USD,דולרים,L150200,"יתרות מט""ח",_Z,לא רלוונטי,STK,יתרה,_Z,לא רלוונטי,BOI,בנק ישראל,E,סוף תקופה,F,לא סודי,6,מיליונים,2013-06,78219.97109833,YP,תצפית משוחררת לציבור ופנימית ( Public)
ACC_RES2700018_D_B_ME,"יתרות מט""ח (במונחי דולר)",M,חודשי,USD,דולרים,L150200,"יתרות מט""ח",_Z,לא רלוונטי,STK,יתרה,_Z,לא רלוונטי,BOI,בנק ישראל,E,סוף תקופה,F,לא סודי,6,מיליונים,2013-07,79071.4241934,YP,תצפית משוחררת לציבור ופנימית ( Public)
ACC_RES2700018_D_B_ME,"יתרות מט""ח (במונחי דולר)",M,חודשי,USD,דולרים,L150200,"יתרות מט""ח",_Z,לא רלוונטי,STK,יתרה,_Z,לא רלוונטי,BOI,בנק ישראל,E,סוף תקופה,F,לא סודי,6,מיליונים,2013-08,78518.5773424,YP,תצפית משוחררת לציבור ופנימית ( Public)
ACC_RES2700018_D_B_ME,"יתרות מט""ח (במונחי דולר)",M,חודשי,USD,דולרים,L150200,"יתרות מט""ח",_Z,לא רלוונטי,STK,יתרה,_Z,לא רלוונטי,BOI,בנק ישראל,E,סוף תקופה,F,לא סודי,6,מיליונים,2013-09,79901.86941259,YP,תצפית משוחררת לציבור ופנימית ( Public)
ACC_RES2700018_D_B_ME,"יתרות מט""ח (במונחי דולר)",M,חודשי,USD,דולרים,L150200,"יתרות מט""ח",_Z,לא רלוונטי,STK,יתרה,_Z,לא רלוונטי,BOI,בנק ישראל,E,סוף תקופה,F,לא סודי,6,מיליונים,2013-10,80570.63856956,YP,תצפית משוחררת לציבור ופנימית ( Public)
ACC_RES2700018_D_B_ME,"יתרות מט""ח (במונחי דולר)",M,חודשי,USD,דולרים,L150200,"יתרות מט""ח",_Z,לא רלוונטי,STK,יתרה,_Z,לא רלוונטי,BOI,בנק ישראל,E,סוף תקופה,F,לא סודי,6,מיליונים,2013-11,80589.43654204,YP,תצפית משוחררת לציבור ופנימית ( Public)
ACC_RES2700018_D_B_ME,"יתרות מט""ח (במונחי דולר)",M,חודשי,USD,דולרים,L150200,"יתרות מט""ח",_Z,לא רלוונטי,STK,יתרה,_Z,לא רלוונטי,BOI,בנק ישראל,E,סוף תקופה,F,לא סודי,6,מיליונים,2013-12,81789.75783558,YP,תצפית משוחררת לציבור ופנימית ( Public)
ACC_RES2700018_D_B_ME,"יתרות מט""ח (במונחי דולר)",M,חודשי,USD,דולרים,L150200,"יתרות מט""ח",_Z,לא רלוונטי,STK,יתרה,_Z,לא רלוונטי,BOI,בנק ישראל,E,סוף תקופה,F,לא סודי,6,מיליונים,2014-01,83164.67913227,YP,תצפית משוחררת לציבור ופנימית ( Public)
ACC_RES2700018_D_B_ME,"יתרות מט""ח (במונחי דולר)",M,חודשי,USD,דולרים,L150200,"יתרות מט""ח",_Z,לא רלוונטי,STK,יתרה,_Z,לא רלוונטי,BOI,בנק ישראל,E,סוף תקופה,F,לא סודי,6,מיליונים,2014-02,83975.25869355,YP,תצפית משוחררת לציבור ופנימית ( Public)
ACC_RES2700018_D_B_ME,"יתרות מט""ח (במונחי דולר)",M,חודשי,USD,דולרים,L150200,"יתרות מט""ח",_Z,לא רלוונטי,STK,יתרה,_Z,לא רלוונטי,BOI,בנק ישראל,E,סוף תקופה,F,לא סודי,6,מיליונים,2014-03,85569.85370072,YP,תצפית משוחררת לציבור ופנימית ( Public)
ACC_RES2700018_D_B_ME,"יתרות מט""ח (במונחי דולר)",M,חודשי,USD,דולרים,L150200,"יתרות מט""ח",_Z,לא רלוונטי,STK,יתרה,_Z,לא רלוונטי,BOI,בנק ישראל,E,סוף תקופה,F,לא סודי,6,מיליונים,2014-04,86480.06563924,YP,תצפית משוחררת לציבור ופנימית ( Public)
ACC_RES2700018_D_B_ME,"יתרות מט""ח (במונחי דולר)",M,חודשי,USD,דולרים,L150200,"יתרות מט""ח",_Z,לא רלוונטי,STK,יתרה,_Z,לא רלוונטי,BOI,בנק ישראל,E,סוף תקופה,F,לא סודי,6,מיליונים,2014-05,86478.46831139,YP,תצפית משוחררת לציבור ופנימית ( Public)
ACC_RES2700018_D_B_ME,"יתרות מט""ח (במונחי דולר)",M,חודשי,USD,דולרים,L150200,"יתרות מט""ח",_Z,לא רלוונטי,STK,יתרה,_Z,לא רלוונטי,BOI,בנק ישראל,E,סוף תקופה,F,לא סודי,6,מיליונים,2014-06,86812.95464211,YP,תצפית משוחררת לציבור ופנימית ( Public)
ACC_RES2700018_D_B_ME,"יתרות מט""ח (במונחי דולר)",M,חודשי,USD,דולרים,L150200,"יתרות מט""ח",_Z,לא רלוונטי,STK,יתרה,_Z,לא רלוונטי,BOI,בנק ישראל,E,סוף תקופה,F,לא סודי,6,מיליונים,2014-07,87139.23665431,YP,תצפית משוחררת לציבור ופנימית ( Public)
ACC_RES2700018_D_B_ME,"יתרות מט""ח (במונחי דולר)",M,חודשי,USD,דולרים,L150200,"יתרות מט""ח",_Z,לא רלוונטי,STK,יתרה,_Z,לא רלוונטי,BOI,בנק ישראל,E,סוף תקופה,F,לא סודי,6,מיליונים,2014-08,87627.5323808,YP,תצפית משוחררת לציבור ופנימית ( Public)
ACC_RES2700018_D_B_ME,"יתרות מט""ח (במונחי דולר)",M,חודשי,USD,דולרים,L150200,"יתרות מט""ח",_Z,לא רלוונטי,STK,יתרה,_Z,לא רלוונטי,BOI,בנק ישראל,E,סוף תקופה,F,לא סודי,6,מיליונים,2014-09,86187.82321122,YP,תצפית משוחררת לציבור ופנימית ( Public)
ACC_RES2700018_D_B_ME,"יתרות מט""ח (במונחי דולר)",M,חודשי,USD,דולרים,L150200,"יתרות מט""ח",_Z,לא רלוונטי,STK,יתרה,_Z,לא רלוונטי,BOI,בנק ישראל,E,סוף תקופה,F,לא סודי,6,מיליונים,2014-10,86416.10040934,YP,תצפית משוחררת לציבור ופנימית ( Public)
ACC_RES2700018_D_B_ME,"יתרות מט""ח (במונחי דולר)",M,חודשי,USD,דולרים,L150200,"יתרות מט""ח",_Z,לא רלוונטי,STK,יתרה,_Z,לא רלוונטי,BOI,בנק ישראל,E,סוף תקופה,F,לא סודי,6,מיליונים,2014-11,86327.58167669,YP,תצפית משוחררת לציבור ופנימית ( Public)
ACC_RES2700018_D_B_ME,"יתרות מט""ח (במונחי דולר)",M,חודשי,USD,דולרים,L150200,"יתרות מט""ח",_Z,לא רלוונטי,STK,יתרה,_Z,לא רלוונטי,BOI,בנק ישראל,E,סוף תקופה,F,לא סודי,6,מיליונים,2014-12,86101.16786154,YP,תצפית משוחררת לציבור ופנימית ( Public)
ACC_RES2700018_D_B_ME,"יתרות מט""ח (במונחי דולר)",M,חודשי,USD,דולרים,L150200,"יתרות מט""ח",_Z,לא רלוונטי,STK,יתרה,_Z,לא רלוונטי,BOI,בנק ישראל,E,סוף תקופה,F,לא סודי,6,מיליונים,2015-01,84664.95655583,YP,תצפית משוחררת לציבור ופנימית ( Public)
ACC_RES2700018_D_B_ME,"יתרות מט""ח (במונחי דולר)",M,חודשי,USD,דולרים,L150200,"יתרות מט""ח",_Z,לא רלוונטי,STK,יתרה,_Z,לא רלוונטי,BOI,בנק ישראל,E,סוף תקופה,F,לא סודי,6,מיליונים,2015-02,85319.61514398,YP,תצפית משוחררת לציבור ופנימית ( Public)
ACC_RES2700018_D_B_ME,"יתרות מט""ח (במונחי דולר)",M,חודשי,USD,דולרים,L150200,"יתרות מט""ח",_Z,לא רלוונטי,STK,יתרה,_Z,לא רלוונטי,BOI,בנק ישראל,E,סוף תקופה,F,לא סודי,6,מיליונים,2015-03,84983.18254573,YP,תצפית משוחררת לציבור ופנימית ( Public)
ACC_RES2700018_D_B_ME,"יתרות מט""ח (במונחי דולר)",M,חודשי,USD,דולרים,L150200,"יתרות מט""ח",_Z,לא רלוונטי,STK,יתרה,_Z,לא רלוונטי,BOI,בנק ישראל,E,סוף תקופה,F,לא סודי,6,מיליונים,2015-04,85712.65625767,YP,תצפית משוחררת לציבור ופנימית ( Public)
ACC_RES2700018_D_B_ME,"יתרות מט""ח (במונחי דולר)",M,חודשי,USD,דולרים,L150200,"יתרות מט""ח",_Z,לא רלוונטי,STK,יתרה,_Z,לא רלוונטי,BOI,בנק ישראל,E,סוף תקופה,F,לא סודי,6,מיליונים,2015-05,85763.8478328,YP,תצפית משוחררת לציבור ופנימית ( Public)
ACC_RES2700018_D_B_ME,"יתרות מט""ח (במונחי דולר)",M,חודשי,USD,דולרים,L150200,"יתרות מט""ח",_Z,לא רלוונטי,STK,יתרה,_Z,לא רלוונטי,BOI,בנק ישראל,E,סוף תקופה,F,לא סודי,6,מיליונים,2015-06,88178.95017974,YP,תצפית משוחררת לציבור ופנימית ( Public)
ACC_RES2700018_D_B_ME,"יתרות מט""ח (במונחי דולר)",M,חודשי,USD,דולרים,L150200,"יתרות מט""ח",_Z,לא רלוונטי,STK,יתרה,_Z,לא רלוונטי,BOI,בנק ישראל,E,סוף תקופה,F,לא סודי,6,מיליונים,2015-07,88424.25865348,YP,תצפית משוחררת לציבור ופנימית ( Public)
ACC_RES2700018_D_B_ME,"יתרות מט""ח (במונחי דולר)",M,חודשי,USD,דולרים,L150200,"יתרות מט""ח",_Z,לא רלוונטי,STK,יתרה,_Z,לא רלוונטי,BOI,בנק ישראל,E,סוף תקופה,F,לא סודי,6,מיליונים,2015-08,88998.35926287,YP,תצפית משוחררת לציבור ופנימית ( Public)
ACC_RES2700018_D_B_ME,"יתרות מט""ח (במונחי דולר)",M,חודשי,USD,דולרים,L150200,"יתרות מט""ח",_Z,לא רלוונטי,STK,יתרה,_Z,לא רלוונטי,BOI,בנק ישראל,E,סוף תקופה,F,לא סודי,6,מיליונים,2015-09,89475.83307016,YP,תצפית משוחררת לציבור ופנימית ( Public)
ACC_RES2700018_D_B_ME,"יתרות מט""ח (במונחי דולר)",M,חודשי,USD,דולרים,L150200,"יתרות מט""ח",_Z,לא רלוונטי,STK,יתרה,_Z,לא רלוונטי,BOI,בנק ישראל,E,סוף תקופה,F,לא סודי,6,מיליונים,2015-10,89230.1616536,YP,תצפית משוחררת לציבור ופנימית ( Public)
ACC_RES2700018_D_B_ME,"יתרות מט""ח (במונחי דולר)",M,חודשי,USD,דולרים,L150200,"יתרות מט""ח",_Z,לא רלוונטי,STK,יתרה,_Z,לא רלוונטי,BOI,בנק ישראל,E,סוף תקופה,F,לא סודי,6,מיליונים,2015-11,88822.49243766,YP,תצפית משוחררת לציבור ופנימית ( Public)
ACC_RES2700018_D_B_ME,"יתרות מט""ח (במונחי דולר)",M,חודשי,USD,דולרים,L150200,"יתרות מט""ח",_Z,לא רלוונטי,STK,יתרה,_Z,לא רלוונטי,BOI,בנק ישראל,E,סוף תקופה,F,לא סודי,6,מיליונים,2015-12,90574.78356301,YP,תצפית משוחררת לציבור ופנימית ( Public)
ACC_RES2700018_D_B_ME,"יתרות מט""ח (במונחי דולר)",M,חודשי,USD,דולרים,L150200,"יתרות מט""ח",_Z,לא רלוונטי,STK,יתרה,_Z,לא רלוונטי,BOI,בנק ישראל,E,סוף תקופה,F,לא סודי,6,מיליונים,2016-01,90487.13584154,YP,תצפית משוחררת לציבור ופנימית ( Public)
ACC_RES2700018_D_B_ME,"יתרות מט""ח (במונחי דולר)",M,חודשי,USD,דולרים,L150200,"יתרות מט""ח",_Z,לא רלוונטי,STK,יתרה,_Z,לא רלוונטי,BOI,בנק ישראל,E,סוף תקופה,F,לא סודי,6,מיליונים,2016-02,90618.8487325,YP,תצפית משוחררת לציבור ופנימית ( Public)
ACC_RES2700018_D_B_ME,"יתרות מט""ח (במונחי דולר)",M,חודשי,USD,דולרים,L150200,"יתרות מט""ח",_Z,לא רלוונטי,STK,יתרה,_Z,לא רלוונטי,BOI,בנק ישראל,E,סוף תקופה,F,לא סודי,6,מיליונים,2016-03,94779.57760149,YP,תצפית משוחררת לציבור ופנימית ( Public)
ACC_RES2700018_D_B_ME,"יתרות מט""ח (במונחי דולר)",M,חודשי,USD,דולרים,L150200,"יתרות מט""ח",_Z,לא רלוונטי,STK,יתרה,_Z,לא רלוונטי,BOI,בנק ישראל,E,סוף תקופה,F,לא סודי,6,מיליונים,2016-04,95683.98184366,YP,תצפית משוחררת לציבור ופנימית ( Public)
ACC_RES2700018_D_B_ME,"יתרות מט""ח (במונחי דולר)",M,חודשי,USD,דולרים,L150200,"יתרות מט""ח",_Z,לא רלוונטי,STK,יתרה,_Z,לא רלוונטי,BOI,בנק ישראל,E,סוף תקופה,F,לא סודי,6,מיליונים,2016-05,96463.37384666,YP,תצפית משוחררת לציבור ופנימית ( Public)
ACC_RES2700018_D_B_ME,"יתרות מט""ח (במונחי דולר)",M,חודשי,USD,דולרים,L150200,"יתרות מט""ח",_Z,לא רלוונטי,STK,יתרה,_Z,לא רלוונטי,BOI,בנק ישראל,E,סוף תקופה,F,לא סודי,6,מיליונים,2016-06,96634.68221048,YP,תצפית משוחררת לציבור ופנימית ( Public)
ACC_RES2700018_D_B_ME,"יתרות מט""ח (במונחי דולר)",M,חודשי,USD,דולרים,L150200,"יתרות מט""ח",_Z,לא רלוונטי,STK,יתרה,_Z,לא רלוונטי,BOI,בנק ישראל,E,סוף תקופה,F,לא סודי,6,מיליונים,2016-07,97392.62031884,YP,תצפית משוחררת לציבור ופנימית ( Public)
ACC_RES2700018_D_B_ME,"יתרות מט""ח (במונחי דולר)",M,חודשי,USD,דולרים,L150200,"יתרות מט""ח",_Z,לא רלוונטי,STK,יתרה,_Z,לא רלוונטי,BOI,בנק ישראל,E,סוף תקופה,F,לא סודי,6,מיליונים,2016-08,97625.99816483,YP,תצפית משוחררת לציבור ופנימית ( Public)
ACC_RES2700018_D_B_ME,"יתרות מט""ח (במונחי דולר)",M,חודשי,USD,דולרים,L150200,"יתרות מט""ח",_Z,לא רלוונטי,STK,יתרה,_Z,לא רלוונטי,BOI,בנק ישראל,E,סוף תקופה,F,לא סודי,6,מיליונים,2016-09,98428.61879745,YP,תצפית משוחררת לציבור ופנימית ( Public)
ACC_RES2700018_D_B_ME,"יתרות מט""ח (במונחי דולר)",M,חודשי,USD,דולרים,L150200,"יתרות מט""ח",_Z,לא רלוונטי,STK,יתרה,_Z,לא רלוונטי,BOI,בנק ישראל,E,סוף תקופה,F,לא סודי,6,מיליונים,2016-10,97962.72178025,YP,תצפית משוחררת לציבור ופנימית ( Public)
ACC_RES2700018_D_B_ME,"יתרות מט""ח (במונחי דולר)",M,חודשי,USD,דולרים,L150200,"יתרות מט""ח",_Z,לא רלוונטי,STK,יתרה,_Z,לא רלוונטי,BOI,בנק ישראל,E,סוף תקופה,F,לא סודי,6,מיליונים,2016-11,97126.75137028,YP,תצפית משוחררת לציבור ופנימית ( Public)
ACC_RES2700018_D_B_ME,"יתרות מט""ח (במונחי דולר)",M,חודשי,USD,דולרים,L150200,"יתרות מט""ח",_Z,לא רלוונטי,STK,יתרה,_Z,לא רלוונטי,BOI,בנק ישראל,E,סוף תקופה,F,לא סודי,6,מיליונים,2016-12,98446.77110436,YP,תצפית משוחררת לציבור ופנימית ( Public)
ACC_RES2700018_D_B_ME,"יתרות מט""ח (במונחי דולר)",M,חודשי,USD,דולרים,L150200,"יתרות מט""ח",_Z,לא רלוונטי,STK,יתרה,_Z,לא רלוונטי,BOI,בנק ישראל,E,סוף תקופה,F,לא סודי,6,מיליונים,2017-01,101613.40743546,YP,תצפית משוחררת לציבור ופנימית ( Public)
ACC_RES2700018_D_B_ME,"יתרות מט""ח (במונחי דולר)",M,חודשי,USD,דולרים,L150200,"יתרות מט""ח",_Z,לא רלוונטי,STK,יתרה,_Z,לא רלוונטי,BOI,בנק ישראל,E,סוף תקופה,F,לא סודי,6,מיליונים,2017-02,102022.30263532,YP,תצפית משוחררת לציבור ופנימית ( Public)
ACC_RES2700018_D_B_ME,"יתרות מט""ח (במונחי דולר)",M,חודשי,USD,דולרים,L150200,"יתרות מט""ח",_Z,לא רלוונטי,STK,יתרה,_Z,לא רלוונטי,BOI,בנק ישראל,E,סוף תקופה,F,לא סודי,6,מיליונים,2017-03,103173.61733427,YP,תצפית משוחררת לציבור ופנימית ( Public)
ACC_RES2700018_D_B_ME,"יתרות מט""ח (במונחי דולר)",M,חודשי,USD,דולרים,L150200,"יתרות מט""ח",_Z,לא רלוונטי,STK,יתרה,_Z,לא רלוונטי,BOI,בנק ישראל,E,סוף תקופה,F,לא סודי,6,מיליונים,2017-04,105142.18451452,YP,תצפית משוחררת לציבור ופנימית ( Public)
ACC_RES2700018_D_B_ME,"יתרות מט""ח (במונחי דולר)",M,חודשי,USD,דולרים,L150200,"יתרות מט""ח",_Z,לא רלוונטי,STK,יתרה,_Z,לא רלוונטי,BOI,בנק ישראל,E,סוף תקופה,F,לא סודי,6,מיליונים,2017-05,107367.05732976,YP,תצפית משוחררת לציבור ופנימית ( Public)
ACC_RES2700018_D_B_ME,"יתרות מט""ח (במונחי דולר)",M,חודשי,USD,דולרים,L150200,"יתרות מט""ח",_Z,לא רלוונטי,STK,יתרה,_Z,לא רלוונטי,BOI,בנק ישראל,E,סוף תקופה,F,לא סודי,6,מיליונים,2017-06,108705.51479957,YP,תצפית משוחררת לציבור ופנימית ( Public)
ACC_RES2700018_D_B_ME,"יתרות מט""ח (במונחי דולר)",M,חודשי,USD,דולרים,L150200,"יתרות מט""ח",_Z,לא רלוונטי,STK,יתרה,_Z,לא רלוונטי,BOI,בנק ישראל,E,סוף תקופה,F,לא סודי,6,מיליונים,2017-07,110110.37054194,YP,תצפית משוחררת לציבור ופנימית ( Public)
ACC_RES2700018_D_B_ME,"יתרות מט""ח (במונחי דולר)",M,חודשי,USD,דולרים,L150200,"יתרות מט""ח",_Z,לא רלוונטי,STK,יתרה,_Z,לא רלוונטי,BOI,בנק ישראל,E,סוף תקופה,F,לא סודי,6,מיליונים,2017-08,111020.15943809,YP,תצפית משוחררת לציבור ופנימית ( Public)
ACC_RES2700018_D_B_ME,"יתרות מט""ח (במונחי דולר)",M,חודשי,USD,דולרים,L150200,"יתרות מט""ח",_Z,לא רלוונטי,STK,יתרה,_Z,לא רלוונטי,BOI,בנק ישראל,E,סוף תקופה,F,לא סודי,6,מיליונים,2017-09,111051.31772748,YP,תצפית משוחררת לציבור ופנימית ( Public)
ACC_RES2700018_D_B_ME,"יתרות מט""ח (במונחי דולר)",M,חודשי,USD,דולרים,L150200,"יתרות מט""ח",_Z,לא רלוונטי,STK,יתרה,_Z,לא רלוונטי,BOI,בנק ישראל,E,סוף תקופה,F,לא סודי,6,מיליונים,2017-10,111309.07954733,YP,תצפית משוחררת לציבור ופנימית ( Public)
ACC_RES2700018_D_B_ME,"יתרות מט""ח (במונחי דולר)",M,חודשי,USD,דולרים,L150200,"יתרות מט""ח",_Z,לא רלוונטי,STK,יתרה,_Z,לא רלוונטי,BOI,בנק ישראל,E,סוף תקופה,F,לא סודי,6,מיליונים,2017-11,112078.95524711,YP,תצפית משוחררת לציבור ופנימית ( Public)
ACC_RES2700018_D_B_ME,"יתרות מט""ח (במונחי דולר)",M,חודשי,USD,דולרים,L150200,"יתרות מט""ח",_Z,לא רלוונטי,STK,יתרה,_Z,לא רלוונטי,BOI,בנק ישראל,E,סוף תקופה,F,לא סודי,6,מיליונים,2017-12,113011.49315559,YP,תצפית משוחררת לציבור ופנימית ( Public)
ACC_RES2700018_D_B_ME,"יתרות מט""ח (במונחי דולר)",M,חודשי,USD,דולרים,L150200,"יתרות מט""ח",_Z,לא רלוונטי,STK,יתרה,_Z,לא רלוונטי,BOI,בנק ישראל,E,סוף תקופה,F,לא סודי,6,מיליונים,2018-01,117621.62193354,YP,תצפית משוחררת לציבור ופנימית ( Public)
ACC_RES2700018_D_B_ME,"יתרות מט""ח (במונחי דולר)",M,חודשי,USD,דולרים,L150200,"יתרות מט""ח",_Z,לא רלוונטי,STK,יתרה,_Z,לא רלוונטי,BOI,בנק ישראל,E,סוף תקופה,F,לא סודי,6,מיליונים,2018-02,116293.09197672,YP,תצפית משוחררת לציבור ופנימית ( Public)
ACC_RES2700018_D_B_ME,"יתרות מט""ח (במונחי דולר)",M,חודשי,USD,דולרים,L150200,"יתרות מט""ח",_Z,לא רלוונטי,STK,יתרה,_Z,לא רלוונטי,BOI,בנק ישראל,E,סוף תקופה,F,לא סודי,6,מיליונים,2018-03,116126.99131627,YP,תצפית משוחררת לציבור ופנימית ( Public)
ACC_RES2700018_D_B_ME,"יתרות מט""ח (במונחי דולר)",M,חודשי,USD,דולרים,L150200,"יתרות מט""ח",_Z,לא רלוונטי,STK,יתרה,_Z,לא רלוונטי,BOI,בנק ישראל,E,סוף תקופה,F,לא סודי,6,מיליונים,2018-04,115354.36547491,YP,תצפית משוחררת לציבור ופנימית ( Public)
ACC_RES2700018_D_B_ME,"יתרות מט""ח (במונחי דולר)",M,חודשי,USD,דולרים,L150200,"יתרות מט""ח",_Z,לא רלוונטי,STK,יתרה,_Z,לא רלוונטי,BOI,בנק ישראל,E,סוף תקופה,F,לא סודי,6,מיליונים,2018-05,114700.43926738,YP,תצפית משוחררת לציבור ופנימית ( Public)
ACC_RES2700018_D_B_ME,"יתרות מט""ח (במונחי דולר)",M,חודשי,USD,דולרים,L150200,"יתרות מט""ח",_Z,לא רלוונטי,STK,יתרה,_Z,לא רלוונטי,BOI,בנק ישראל,E,סוף תקופה,F,לא סודי,6,מיליונים,2018-06,114831.61712741,YP,תצפית משוחררת לציבור ופנימית ( Public)
ACC_RES2700018_D_B_ME,"יתרות מט""ח (במונחי דולר)",M,חודשי,USD,דולרים,L150200,"יתרות מט""ח",_Z,לא רלוונטי,STK,יתרה,_Z,לא רלוונטי,BOI,בנק ישראל,E,סוף תקופה,F,לא סודי,6,מיליונים,2018-07,115781.64518582,YP,תצפית משוחררת לציבור ופנימית ( Public)
ACC_RES2700018_D_B_ME,"יתרות מט""ח (במונחי דולר)",M,חודשי,USD,דולרים,L150200,"יתרות מט""ח",_Z,לא רלוונטי,STK,יתרה,_Z,לא רלוונטי,BOI,בנק ישראל,E,סוף תקופה,F,לא סודי,6,מיליונים,2018-08,116004.9844765,YP,תצפית משוחררת לציבור ופנימית ( Public)
ACC_RES2700018_D_B_ME,"יתרות מט""ח (במונחי דולר)",M,חודשי,USD,דולרים,L150200,"יתרות מט""ח",_Z,לא רלוונטי,STK,יתרה,_Z,לא רלוונטי,BOI,בנק ישראל,E,סוף תקופה,F,לא סודי,6,מיליונים,2018-09,115458.07030154,YP,תצפית משוחררת לציבור ופנימית ( Public)
ACC_RES2700018_D_B_ME,"יתרות מט""ח (במונחי דולר)",M,חודשי,USD,דולרים,L150200,"יתרות מט""ח",_Z,לא רלוונטי,STK,יתרה,_Z,לא רלוונטי,BOI,בנק ישראל,E,סוף תקופה,F,לא סודי,6,מיליונים,2018-10,113911.31252478,YP,תצפית משוחררת לציבור ופנימית ( Public)
ACC_RES2700018_D_B_ME,"יתרות מט""ח (במונחי דולר)",M,חודשי,USD,דולרים,L150200,"יתרות מט""ח",_Z,לא רלוונטי,STK,יתרה,_Z,לא רלוונטי,BOI,בנק ישראל,E,סוף תקופה,F,לא סודי,6,מיליונים,2018-11,115055.64421946,YP,תצפית משוחררת לציבור ופנימית ( Public)
ACC_RES2700018_D_B_ME,"יתרות מט""ח (במונחי דולר)",M,חודשי,USD,דולרים,L150200,"יתרות מט""ח",_Z,לא רלוונטי,STK,יתרה,_Z,לא רלוונטי,BOI,בנק ישראל,E,סוף תקופה,F,לא סודי,6,מיליונים,2018-12,115279.44925783,YP,תצפית משוחררת לציבור ופנימית ( Public)
ACC_RES2700018_D_B_ME,"יתרות מט""ח (במונחי דולר)",M,חודשי,USD,דולרים,L150200,"יתרות מט""ח",_Z,לא רלוונטי,STK,יתרה,_Z,לא רלוונטי,BOI,בנק ישראל,E,סוף תקופה,F,לא סודי,6,מיליונים,2019-01,118153.36199329,YP,תצפית משוחררת לציבור ופנימית ( Public)
ACC_RES2700018_D_B_ME,"יתרות מט""ח (במונחי דולר)",M,חודשי,USD,דולרים,L150200,"יתרות מט""ח",_Z,לא רלוונטי,STK,יתרה,_Z,לא רלוונטי,BOI,בנק ישראל,E,סוף תקופה,F,לא סודי,6,מיליונים,2019-02,117938.79812805,YP,תצפית משוחררת לציבור ופנימית ( Public)
ACC_RES2700018_D_B_ME,"יתרות מט""ח (במונחי דולר)",M,חודשי,USD,דולרים,L150200,"יתרות מט""ח",_Z,לא רלוונטי,STK,יתרה,_Z,לא רלוונטי,BOI,בנק ישראל,E,סוף תקופה,F,לא סודי,6,מיליונים,2019-03,118219.2096885,YP,תצפית משוחררת לציבור ופנימית ( Public)
ACC_RES2700018_D_B_ME,"יתרות מט""ח (במונחי דולר)",M,חודשי,USD,דולרים,L150200,"יתרות מט""ח",_Z,לא רלוונטי,STK,יתרה,_Z,לא רלוונטי,BOI,בנק ישראל,E,סוף תקופה,F,לא סודי,6,מיליונים,2019-04,118743.43172542,YP,תצפית משוחררת לציבור ופנימית ( Public)
ACC_RES2700018_D_B_ME,"יתרות מט""ח (במונחי דולר)",M,חודשי,USD,דולרים,L150200,"יתרות מט""ח",_Z,לא רלוונטי,STK,יתרה,_Z,לא רלוונטי,BOI,בנק ישראל,E,סוף תקופה,F,לא סודי,6,מיליונים,2019-05,118124.08820021,YP,תצפית משוחררת לציבור ופנימית ( Public)
ACC_RES2700018_D_B_ME,"יתרות מט""ח (במונחי דולר)",M,חודשי,USD,דולרים,L150200,"יתרות מט""ח",_Z,לא רלוונטי,STK,יתרה,_Z,לא רלוונטי,BOI,בנק ישראל,E,סוף תקופה,F,לא סודי,6,מיליונים,2019-06,120107.80824734,YP,תצפית משוחררת לציבור ופנימית ( Public)
ACC_RES2700018_D_B_ME,"יתרות מט""ח (במונחי דולר)",M,חודשי,USD,דולרים,L150200,"יתרות מט""ח",_Z,לא רלוונטי,STK,יתרה,_Z,לא רלוונטי,BOI,בנק ישראל,E,סוף תקופה,F,לא סודי,6,מיליונים,2019-07,119993.77367622,YP,תצפית משוחררת לציבור ופנימית ( Public)
ACC_RES2700018_D_B_ME,"יתרות מט""ח (במונחי דולר)",M,חודשי,USD,דולרים,L150200,"יתרות מט""ח",_Z,לא רלוונטי,STK,יתרה,_Z,לא רלוונטי,BOI,בנק ישראל,E,סוף תקופה,F,לא סודי,6,מיליונים,2019-08,119811.94273697,YP,תצפית משוחררת לציבור ופנימית ( Public)
ACC_RES2700018_D_B_ME,"יתרות מט""ח (במונחי דולר)",M,חודשי,USD,דולרים,L150200,"יתרות מט""ח",_Z,לא רלוונטי,STK,יתרה,_Z,לא רלוונטי,BOI,בנק ישראל,E,סוף תקופה,F,לא סודי,6,מיליונים,2019-09,119469.29569261,YP,תצפית משוחררת לציבור ופנימית ( Public)
ACC_RES2700018_D_B_ME,"יתרות מט""ח (במונחי דולר)",M,חודשי,USD,דולרים,L150200,"יתרות מט""ח",_Z,לא רלוונטי,STK,יתרה,_Z,לא רלוונטי,BOI,בנק ישראל,E,סוף תקופה,F,לא סודי,6,מיליונים,2019-10,121361.17092858,YP,תצפית משוחררת לציבור ופנימית ( Public)
ACC_RES2700018_D_B_ME,"יתרות מט""ח (במונחי דולר)",M,חודשי,USD,דולרים,L150200,"יתרות מט""ח",_Z,לא רלוונטי,STK,יתרה,_Z,לא רלוונטי,BOI,בנק ישראל,E,סוף תקופה,F,לא סודי,6,מיליונים,2019-11,122382.99596056,YP,תצפית משוחררת לציבור ופנימית ( Public)
ACC_RES2700018_D_B_ME,"יתרות מט""ח (במונחי דולר)",M,חודשי,USD,דולרים,L150200,"יתרות מט""ח",_Z,לא רלוונטי,STK,יתרה,_Z,לא רלוונטי,BOI,בנק ישראל,E,סוף תקופה,F,לא סודי,6,מיליונים,2019-12,126014.20174207,YP,תצפית משוחררת לציבור ופנימית ( Public)
ACC_RES2700018_D_B_ME,"יתרות מט""ח (במונחי דולר)",M,חודשי,USD,דולרים,L150200,"יתרות מט""ח",_Z,לא רלוונטי,STK,יתרה,_Z,לא רלוונטי,BOI,בנק ישראל,E,סוף תקופה,F,לא סודי,6,מיליונים,2020-01,129977.74881182,YP,תצפית משוחררת לציבור ופנימית ( Public)
ACC_RES2700018_D_B_ME,"יתרות מט""ח (במונחי דולר)",M,חודשי,USD,דולרים,L150200,"יתרות מט""ח",_Z,לא רלוונטי,STK,יתרה,_Z,לא רלוונטי,BOI,בנק ישראל,E,סוף תקופה,F,לא סודי,6,מיליונים,2020-02,131175.62384975,YP,תצפית משוחררת לציבור ופנימית ( Public)
ACC_RES2700018_D_B_ME,"יתרות מט""ח (במונחי דולר)",M,חודשי,USD,דולרים,L150200,"יתרות מט""ח",_Z,לא רלוונטי,STK,יתרה,_Z,לא רלוונטי,BOI,בנק ישראל,E,סוף תקופה,F,לא סודי,6,מיליונים,2020-03,125941.36932897,YP,תצפית משוחררת לציבור ופנימית ( Public)
ACC_RES2700018_D_B_ME,"יתרות מט""ח (במונחי דולר)",M,חודשי,USD,דולרים,L150200,"יתרות מט""ח",_Z,לא רלוונטי,STK,יתרה,_Z,לא רלוונטי,BOI,בנק ישראל,E,סוף תקופה,F,לא סודי,6,מיליונים,2020-04,133547.35138661,YP,תצפית משוחררת לציבור ופנימית ( Public)
ACC_RES2700018_D_B_ME,"יתרות מט""ח (במונחי דולר)",M,חודשי,USD,דולרים,L150200,"יתרות מט""ח",_Z,לא רלוונטי,STK,יתרה,_Z,לא רלוונטי,BOI,בנק ישראל,E,סוף תקופה,F,לא סודי,6,מיליונים,2020-05,142512.65969535,YP,תצפית משוחררת לציבור ופנימית ( Public)
ACC_RES2700018_D_B_ME,"יתרות מט""ח (במונחי דולר)",M,חודשי,USD,דולרים,L150200,"יתרות מט""ח",_Z,לא רלוונטי,STK,יתרה,_Z,לא רלוונטי,BOI,בנק ישראל,E,סוף תקופה,F,לא סודי,6,מיליונים,2020-06,147337.44337518,YP,תצפית משוחררת לציבור ופנימית ( Public)
ACC_RES2700018_D_B_ME,"יתרות מט""ח (במונחי דולר)",M,חודשי,USD,דולרים,L150200,"יתרות מט""ח",_Z,לא רלוונטי,STK,יתרה,_Z,לא רלוונטי,BOI,בנק ישראל,E,סוף תקופה,F,לא סודי,6,מיליונים,2020-07,157663.02726451,YP,תצפית משוחררת לציבור ופנימית ( Public)
ACC_RES2700018_D_B_ME,"יתרות מט""ח (במונחי דולר)",M,חודשי,USD,דולרים,L150200,"יתרות מט""ח",_Z,לא רלוונטי,STK,יתרה,_Z,לא רלוונטי,BOI,בנק ישראל,E,סוף תקופה,F,לא סודי,6,מיליונים,2020-08,161687.97774406,YP,תצפית משוחררת לציבור ופנימית ( Public)
ACC_RES2700018_D_B_ME,"יתרות מט""ח (במונחי דולר)",M,חודשי,USD,דולרים,L150200,"יתרות מט""ח",_Z,לא רלוונטי,STK,יתרה,_Z,לא רלוונטי,BOI,בנק ישראל,E,סוף תקופה,F,לא סודי,6,מיליונים,2020-09,160584.47299286,YP,תצפית משוחררת לציבור ופנימית ( Public)
ACC_RES2700018_D_B_ME,"יתרות מט""ח (במונחי דולר)",M,חודשי,USD,דולרים,L150200,"יתרות מט""ח",_Z,לא רלוונטי,STK,יתרה,_Z,לא רלוונטי,BOI,בנק ישראל,E,סוף תקופה,F,לא סודי,6,מיליונים,2020-10,160748.03287788,YP,תצפית משוחררת לציבור ופנימית ( Public)
ACC_RES2700018_D_B_ME,"יתרות מט""ח (במונחי דולר)",M,חודשי,USD,דולרים,L150200,"יתרות מט""ח",_Z,לא רלוונטי,STK,יתרה,_Z,לא רלוונטי,BOI,בנק ישראל,E,סוף תקופה,F,לא סודי,6,מיליונים,2020-11,166946.51125258,YP,תצפית משוחררת לציבור ופנימית ( Public)
ACC_RES2700018_D_B_ME,"יתרות מט""ח (במונחי דולר)",M,חודשי,USD,דולרים,L150200,"יתרות מט""ח",_Z,לא רלוונטי,STK,יתרה,_Z,לא רלוונטי,BOI,בנק ישראל,E,סוף תקופה,F,לא סודי,6,מיליונים,2020-12,173297.05272729,YP,תצפית משוחררת לציבור ופנימית ( Public)
ACC_RES2700018_D_B_ME,"יתרות מט""ח (במונחי דולר)",M,חודשי,USD,דולרים,L150200,"יתרות מט""ח",_Z,לא רלוונטי,STK,יתרה,_Z,לא רלוונטי,BOI,בנק ישראל,E,סוף תקופה,F,לא סודי,6,מיליונים,2021-01,179500.84320872,YP,תצפית משוחררת לציבור ופנימית ( Public)
ACC_RES2700018_D_B_ME,"יתרות מט""ח (במונחי דולר)",M,חודשי,USD,דולרים,L150200,"יתרות מט""ח",_Z,לא רלוונטי,STK,יתרה,_Z,לא רלוונטי,BOI,בנק ישראל,E,סוף תקופה,F,לא סודי,6,מיליונים,2021-02,185055.03697538,YP,תצפית משוחררת לציבור ופנימית ( Public)
ACC_RES2700018_D_B_ME,"יתרות מט""ח (במונחי דולר)",M,חודשי,USD,דולרים,L150200,"יתרות מט""ח",_Z,לא רלוונטי,STK,יתרה,_Z,לא רלוונטי,BOI,בנק ישראל,E,סוף תקופה,F,לא סודי,6,מיליונים,2021-03,185679.7373296,YP,תצפית משוחררת לציבור ופנימית ( Public)
ACC_RES2700018_D_B_ME,"יתרות מט""ח (במונחי דולר)",M,חודשי,USD,דולרים,L150200,"יתרות מט""ח",_Z,לא רלוונטי,STK,יתרה,_Z,לא רלוונטי,BOI,בנק ישראל,E,סוף תקופה,F,לא סודי,6,מיליונים,2021-04,194000.31502948,YP,תצפית משוחררת לציבור ופנימית ( Public)
ACC_RES2700018_D_B_ME,"יתרות מט""ח (במונחי דולר)",M,חודשי,USD,דולרים,L150200,"יתרות מט""ח",_Z,לא רלוונטי,STK,יתרה,_Z,לא רלוונטי,BOI,בנק ישראל,E,סוף תקופה,F,לא סודי,6,מיליונים,2021-05,198349.93063603,YP,תצפית משוחררת לציבור ופנימית ( Public)
ACC_RES2700018_D_B_ME,"יתרות מט""ח (במונחי דולר)",M,חודשי,USD,דולרים,L150200,"יתרות מט""ח",_Z,לא רלוונטי,STK,יתרה,_Z,לא רלוונטי,BOI,בנק ישראל,E,סוף תקופה,F,לא סודי,6,מיליונים,2021-06,200175.37154168,YP,תצפית משוחררת לציבור ופנימית ( Public)
ACC_RES2700018_D_B_ME,"יתרות מט""ח (במונחי דולר)",M,חודשי,USD,דולרים,L150200,"יתרות מט""ח",_Z,לא רלוונטי,STK,יתרה,_Z,לא רלוונטי,BOI,בנק ישראל,E,סוף תקופה,F,לא סודי,6,מיליונים,2021-07,201695.05039994,YP,תצפית משוחררת לציבור ופנימית ( Public)
ACC_RES2700018_D_B_ME,"יתרות מט""ח (במונחי דולר)",M,חודשי,USD,דולרים,L150200,"יתרות מט""ח",_Z,לא רלוונטי,STK,יתרה,_Z,לא רלוונטי,BOI,בנק ישראל,E,סוף תקופה,F,לא סודי,6,מיליונים,2021-08,205907.71199616,YP,תצפית משוחררת לציבור ופנימית ( Public)
ACC_RES2700018_D_B_ME,"יתרות מט""ח (במונחי דולר)",M,חודשי,USD,דולרים,L150200,"יתרות מט""ח",_Z,לא רלוונטי,STK,יתרה,_Z,לא רלוונטי,BOI,בנק ישראל,E,סוף תקופה,F,לא סודי,6,מיליונים,2021-09,203980.10846609,YP,תצפית משוחררת לציבור ופנימית ( Public)
ACC_RES2700018_D_B_ME,"יתרות מט""ח (במונחי דולר)",M,חודשי,USD,דולרים,L150200,"יתרות מט""ח",_Z,לא רלוונטי,STK,יתרה,_Z,לא רלוונטי,BOI,בנק ישראל,E,סוף תקופה,F,לא סודי,6,מיליונים,2021-10,207473.45842859,YP,תצפית משוחררת לציבור ופנימית ( Public)
ACC_RES2700018_D_B_ME,"יתרות מט""ח (במונחי דולר)",M,חודשי,USD,דולרים,L150200,"יתרות מט""ח",_Z,לא רלוונטי,STK,יתרה,_Z,לא רלוונטי,BOI,בנק ישראל,E,סוף תקופה,F,לא סודי,6,מיליונים,2021-11,208769.5872083,YP,תצפית משוחררת לציבור ופנימית ( Public)
ACC_RES2700018_D_B_ME,"יתרות מט""ח (במונחי דולר)",M,חודשי,USD,דולרים,L150200,"יתרות מט""ח",_Z,לא רלוונטי,STK,יתרה,_Z,לא רלוונטי,BOI,בנק ישראל,E,סוף תקופה,F,לא סודי,6,מיליונים,2021-12,212992.48097299,YP,תצפית משוחררת לציבור ופנימית ( Public)
ACC_RES2700018_D_B_ME,"יתרות מט""ח (במונחי דולר)",M,חודשי,USD,דולרים,L150200,"יתרות מט""ח",_Z,לא רלוונטי,STK,יתרה,_Z,לא רלוונטי,BOI,בנק ישראל,E,סוף תקופה,F,לא סודי,6,מיליונים,2022-01,208737.10443891,YP,תצפית משוחררת לציבור ופנימית ( Public)
ACC_RES2700018_D_B_ME,"יתרות מט""ח (במונחי דולר)",M,חודשי,USD,דולרים,L150200,"יתרות מט""ח",_Z,לא רלוונטי,STK,יתרה,_Z,לא רלוונטי,BOI,בנק ישראל,E,סוף תקופה,F,לא סודי,6,מיליונים,2022-02,207047.57005139,YP,תצפית משוחררת לציבור ופנימית ( Public)
ACC_RES2700018_D_B_ME,"יתרות מט""ח (במונחי דולר)",M,חודשי,USD,דולרים,L150200,"יתרות מט""ח",_Z,לא רלוונטי,STK,יתרה,_Z,לא רלוונטי,BOI,בנק ישראל,E,סוף תקופה,F,לא סודי,6,מיליונים,2022-03,206163.3585696,YP,תצפית משוחררת לציבור ופנימית ( Public)
ACC_RES2700018_D_B_ME,"יתרות מט""ח (במונחי דולר)",M,חודשי,USD,דולרים,L150200,"יתרות מט""ח",_Z,לא רלוונטי,STK,יתרה,_Z,לא רלוונטי,BOI,בנק ישראל,E,סוף תקופה,F,לא סודי,6,מיליונים,2022-04,197630.39268497,YP,תצפית משוחררת לציבור ופנימית ( Public)
ACC_RES2700018_D_B_ME,"יתרות מט""ח (במונחי דולר)",M,חודשי,USD,דולרים,L150200,"יתרות מט""ח",_Z,לא רלוונטי,STK,יתרה,_Z,לא רלוונטי,BOI,בנק ישראל,E,סוף תקופה,F,לא סודי,6,מיליונים,2022-05,199808.19767999,YP,תצפית משוחררת לציבור ופנימית ( Public)
ACC_RES2700018_D_B_ME,"יתרות מט""ח (במונחי דולר)",M,חודשי,USD,דולרים,L150200,"יתרות מט""ח",_Z,לא רלוונטי,STK,יתרה,_Z,לא רלוונטי,BOI,בנק ישראל,E,סוף תקופה,F,לא סודי,6,מיליונים,2022-06,193809.54856361,YP,תצפית משוחררת לציבור ופנימית ( Public)
ACC_RES2700018_D_B_ME,"יתרות מט""ח (במונחי דולר)",M,חודשי,USD,דולרים,L150200,"יתרות מט""ח",_Z,לא רלוונטי,STK,יתרה,_Z,לא רלוונטי,BOI,בנק ישראל,E,סוף תקופה,F,לא סודי,6,מיליונים,2022-07,197468.91447003,YP,תצפית משוחררת לציבור ופנימית ( Public)
ACC_RES2700018_D_B_ME,"יתרות מט""ח (במונחי דולר)",M,חודשי,USD,דולרים,L150200,"יתרות מט""ח",_Z,לא רלוונטי,STK,יתרה,_Z,לא רלוונטי,BOI,בנק ישראל,E,סוף תקופה,F,לא סודי,6,מיליונים,2022-08,192151.40542575,YP,תצפית משוחררת לציבור ופנימית ( Public)
ACC_RES2700018_D_B_ME,"יתרות מט""ח (במונחי דולר)",M,חודשי,USD,דולרים,L150200,"יתרות מט""ח",_Z,לא רלוונטי,STK,יתרה,_Z,לא רלוונטי,BOI,בנק ישראל,E,סוף תקופה,F,לא סודי,6,מיליונים,2022-09,185994.27265274,YP,תצפית משוחררת לציבור ופנימית ( Public)
ACC_RES2700018_D_B_ME,"יתרות מט""ח (במונחי דולר)",M,חודשי,USD,דולרים,L150200,"יתרות מט""ח",_Z,לא רלוונטי,STK,יתרה,_Z,לא רלוונטי,BOI,בנק ישראל,E,סוף תקופה,F,לא סודי,6,מיליונים,2022-10,188842.18403782,YP,תצפית משוחררת לציבור ופנימית ( Public)
ACC_RES2700018_D_B_ME,"יתרות מט""ח (במונחי דולר)",M,חודשי,USD,דולרים,L150200,"יתרות מט""ח",_Z,לא רלוונטי,STK,יתרה,_Z,לא רלוונטי,BOI,בנק ישראל,E,סוף תקופה,F,לא סודי,6,מיליונים,2022-11,194417.67545064,YP,תצפית משוחררת לציבור ופנימית ( Public)
ACC_RES2700018_D_B_ME,"יתרות מט""ח (במונחי דולר)",M,חודשי,USD,דולרים,L150200,"יתרות מט""ח",_Z,לא רלוונטי,STK,יתרה,_Z,לא רלוונטי,BOI,בנק ישראל,E,סוף תקופה,F,לא סודי,6,מיליונים,2022-12,194217.92118964,YP,תצפית משוחררת לציבור ופנימית ( Public)
ACC_RES2700018_D_B_ME,"יתרות מט""ח (במונחי דולר)",M,חודשי,USD,דולרים,L150200,"יתרות מט""ח",_Z,לא רלוונטי,STK,יתרה,_Z,לא רלוונטי,BOI,בנק ישראל,E,סוף תקופה,F,לא סודי,6,מיליונים,2023-01,200984.93948549,YP,תצפית משוחררת לציבור ופנימית ( Public)
ACC_RES2700018_D_B_ME,"יתרות מט""ח (במונחי דולר)",M,חודשי,USD,דולרים,L150200,"יתרות מט""ח",_Z,לא רלוונטי,STK,יתרה,_Z,לא רלוונטי,BOI,בנק ישראל,E,סוף תקופה,F,לא סודי,6,מיליונים,2023-02,196279.32672489,YP,תצפית משוחררת לציבור ופנימית ( Public)
ACC_RES2700018_D_B_ME,"יתרות מט""ח (במונחי דולר)",M,חודשי,USD,דולרים,L150200,"יתרות מט""ח",_Z,לא רלוונטי,STK,יתרה,_Z,לא רלוונטי,BOI,בנק ישראל,E,סוף תקופה,F,לא סודי,6,מיליונים,2023-03,200485.7784029,YP,תצפית משוחררת לציבור ופנימית ( Public)
ACC_RES2700018_D_B_ME,"יתרות מט""ח (במונחי דולר)",M,חודשי,USD,דולרים,L150200,"יתרות מט""ח",_Z,לא רלוונטי,STK,יתרה,_Z,לא רלוונטי,BOI,בנק ישראל,E,סוף תקופה,F,לא סודי,6,מיליונים,2023-04,201895.4178965,YP,תצפית משוחררת לציבור ופנימית ( Public)
